playerId,season,name,team,position,situation,games_played,goals,rebounds,lowDangerShots,mediumDangerShots,highDangerShots,lowDangerGoals,mediumDangerGoals,highDangerGoals,penalityMinutes,penalties
8478048,2022,Igor Shesterkin,NYR,G,other,58,10,7,38,45,21,0,5,5,0,0
8478048,2022,Igor Shesterkin,NYR,G,all,58,144,157,1676,520,178,53,45,46,2,1
8478048,2022,Igor Shesterkin,NYR,G,5on5,58,102,123,1401,418,113,52,29,21,2,1
8478048,2022,Igor Shesterkin,NYR,G,4on5,58,28,23,188,46,38,1,9,18,0,0
8478048,2022,Igor Shesterkin,NYR,G,5on4,58,3,2,34,8,4,0,1,2,0,0
8478872,2022,Karel Vejmelka,ARI,G,other,50,10,9,51,39,13,1,6,3,0,0
8478872,2022,Karel Vejmelka,ARI,G,all,50,168,155,1641,547,173,53,64,51,2,1
8478872,2022,Karel Vejmelka,ARI,G,5on5,50,106,108,1255,396,96,43,41,22,2,1
8478872,2022,Karel Vejmelka,ARI,G,4on5,50,48,37,302,100,58,8,15,25,0,0
8478872,2022,Karel Vejmelka,ARI,G,5on4,50,3,1,28,11,6,1,1,1,0,0
8479979,2022,Jake Oettinger,DAL,G,other,62,8,13,83,31,11,2,4,2,0,0
8479979,2022,Jake Oettinger,DAL,G,all,62,144,146,1907,480,138,49,57,38,2,1
8479979,2022,Jake Oettinger,DAL,G,5on5,62,102,111,1531,363,99,40,40,22,2,1
8479979,2022,Jake Oettinger,DAL,G,4on5,62,26,20,238,63,23,4,8,14,0,0
8479979,2022,Jake Oettinger,DAL,G,5on4,62,4,1,45,14,4,1,3,0,0,0
8477968,2022,Alex Nedeljkovic,DET,G,other,15,3,1,17,9,2,0,2,1,0,0
8477968,2022,Alex Nedeljkovic,DET,G,all,15,49,45,501,110,37,24,13,12,2,1
8477968,2022,Alex Nedeljkovic,DET,G,5on5,15,33,41,405,85,28,17,9,7,2,1
8477968,2022,Alex Nedeljkovic,DET,G,4on5,15,10,3,62,14,5,4,2,4,0,0
8477968,2022,Alex Nedeljkovic,DET,G,5on4,15,3,0,17,2,2,3,0,0,0,0
8477967,2022,Thatcher Demko,VAN,G,other,32,5,1,21,13,2,0,5,0,0,0
8477967,2022,Thatcher Demko,VAN,G,all,32,99,88,1019,276,95,31,41,27,4,2
8477967,2022,Thatcher Demko,VAN,G,5on5,32,64,70,836,218,67,22,27,15,4,2
8477967,2022,Thatcher Demko,VAN,G,4on5,32,24,16,132,31,23,8,6,10,0,0
8477967,2022,Thatcher Demko,VAN,G,5on4,32,5,0,27,9,2,1,2,2,0,0
8476999,2022,Linus Ullmark,BOS,G,other,49,5,14,98,44,19,0,2,3,0,0
8476999,2022,Linus Ullmark,BOS,G,all,49,91,131,1463,398,141,24,33,34,2,1
8476999,2022,Linus Ullmark,BOS,G,5on5,49,64,99,1139,289,92,21,25,18,2,1
8476999,2022,Linus Ullmark,BOS,G,4on5,49,19,17,191,53,23,2,5,12,0,0
8476999,2022,Linus Ullmark,BOS,G,5on4,49,3,1,35,12,7,1,1,1,0,0
8478009,2022,Ilya Sorokin,NYI,G,other,62,8,8,58,35,13,0,6,2,0,0
8478009,2022,Ilya Sorokin,NYI,G,all,62,140,219,1912,486,209,45,57,38,0,0
8478009,2022,Ilya Sorokin,NYI,G,5on5,62,103,166,1581,381,154,39,40,24,0,0
8478009,2022,Ilya Sorokin,NYI,G,4on5,62,22,41,227,50,35,6,6,10,0,0
8478009,2022,Ilya Sorokin,NYI,G,5on4,62,6,3,41,16,6,0,4,2,0,0
8480280,2022,Jeremy Swayman,BOS,G,other,37,8,9,50,27,14,1,6,1,0,0
8480280,2022,Jeremy Swayman,BOS,G,all,37,76,96,953,308,105,24,33,19,2,1
8480280,2022,Jeremy Swayman,BOS,G,5on5,37,50,74,752,219,71,20,21,9,2,1
8480280,2022,Jeremy Swayman,BOS,G,4on5,37,15,13,127,42,16,3,5,7,0,0
8480280,2022,Jeremy Swayman,BOS,G,5on4,37,3,0,21,13,4,0,1,2,0,0
8476945,2022,Connor Hellebuyck,WPG,G,other,64,7,12,65,44,16,2,4,1,0,0
8476945,2022,Connor Hellebuyck,WPG,G,all,64,157,184,1915,576,189,47,61,49,0,0
8476945,2022,Connor Hellebuyck,WPG,G,5on5,64,115,142,1543,442,119,40,49,26,0,0
8476945,2022,Connor Hellebuyck,WPG,G,4on5,64,31,28,250,80,47,5,6,20,0,0
8476945,2022,Connor Hellebuyck,WPG,G,5on4,64,4,2,56,10,7,0,2,2,0,0
8476883,2022,Andrei Vasilevskiy,TBL,G,other,60,12,4,58,37,18,4,5,3,0,0
8476883,2022,Andrei Vasilevskiy,TBL,G,all,60,159,173,1795,551,193,54,56,49,0,0
8476883,2022,Andrei Vasilevskiy,TBL,G,5on5,60,110,137,1399,423,128,40,42,28,0,0
8476883,2022,Andrei Vasilevskiy,TBL,G,4on5,60,30,28,280,69,41,8,7,15,0,0
8476883,2022,Andrei Vasilevskiy,TBL,G,5on4,60,6,3,50,19,5,2,1,3,0,0
8478007,2022,Elvis Merzlikins,CBJ,G,other,30,8,2,24,14,6,2,3,3,0,0
8478007,2022,Elvis Merzlikins,CBJ,G,all,30,110,85,934,226,92,43,38,29,4,2
8478007,2022,Elvis Merzlikins,CBJ,G,5on5,30,82,68,766,167,67,35,28,19,4,2
8478007,2022,Elvis Merzlikins,CBJ,G,4on5,30,17,14,118,39,16,3,7,7,0,0
8478007,2022,Elvis Merzlikins,CBJ,G,5on4,30,2,1,25,5,3,2,0,0,0,0
8480867,2022,Kevin Mandolese,OTT,G,other,3,0,0,4,3,0,0,0,0,0,0
8480867,2022,Kevin Mandolese,OTT,G,all,3,10,11,119,42,11,4,3,3,0,0
8480867,2022,Kevin Mandolese,OTT,G,5on5,3,7,7,88,27,6,3,1,3,0,0
8480867,2022,Kevin Mandolese,OTT,G,4on5,3,2,3,25,10,3,1,1,0,0,0
8480867,2022,Kevin Mandolese,OTT,G,5on4,3,1,1,2,2,2,0,1,0,0,0
8482137,2022,Yaroslav Askarov,NSH,G,other,1,1,0,2,1,0,1,0,0,0,0
8482137,2022,Yaroslav Askarov,NSH,G,all,1,4,6,33,12,6,1,3,0,0,0
8482137,2022,Yaroslav Askarov,NSH,G,5on5,1,1,6,29,9,6,0,1,0,0,0
8482137,2022,Yaroslav Askarov,NSH,G,4on5,1,2,0,0,2,0,0,2,0,0,0
8482137,2022,Yaroslav Askarov,NSH,G,5on4,1,0,0,2,0,0,0,0,0,0,0
8480981,2022,Joel Hofer,STL,G,other,6,3,0,10,2,0,2,1,0,0,0
8480981,2022,Joel Hofer,STL,G,all,6,17,11,172,50,14,8,5,4,0,0
8480981,2022,Joel Hofer,STL,G,5on5,6,6,8,130,42,5,4,2,0,0,0
8480981,2022,Joel Hofer,STL,G,4on5,6,7,3,27,5,9,1,2,4,0,0
8480981,2022,Joel Hofer,STL,G,5on4,6,1,0,3,0,0,1,0,0,0,0
8471306,2022,Thomas Greiss,STL,G,other,21,5,2,22,8,6,1,1,3,0,0
8471306,2022,Thomas Greiss,STL,G,all,21,66,54,619,193,61,21,28,17,0,0
8471306,2022,Thomas Greiss,STL,G,5on5,21,47,46,518,144,44,13,23,11,0,0
8471306,2022,Thomas Greiss,STL,G,4on5,21,9,6,63,29,10,3,3,3,0,0
8471306,2022,Thomas Greiss,STL,G,5on4,21,5,0,16,12,1,4,1,0,0,0
8477992,2022,Jonas Johansson,COL,G,other,3,0,4,1,1,6,0,0,0,0,0
8477992,2022,Jonas Johansson,COL,G,all,3,5,13,64,20,14,1,2,2,0,0
8477992,2022,Jonas Johansson,COL,G,5on5,3,3,8,53,14,7,1,1,1,0,0
8477992,2022,Jonas Johansson,COL,G,4on5,3,2,1,10,3,1,0,1,1,0,0
8477992,2022,Jonas Johansson,COL,G,5on4,3,0,0,0,2,0,0,0,0,0,0
8478024,2022,Ville Husso,DET,G,other,56,12,6,84,28,13,4,5,3,0,0
8478024,2022,Ville Husso,DET,G,all,56,167,150,1693,400,164,69,56,42,0,1
8478024,2022,Ville Husso,DET,G,5on5,56,115,118,1361,303,94,58,41,16,0,1
8478024,2022,Ville Husso,DET,G,4on5,56,32,25,195,56,50,4,7,21,0,0
8478024,2022,Ville Husso,DET,G,5on4,56,6,1,46,10,4,2,3,1,0,0
8478499,2022,Adin Hill,VGK,G,other,27,2,3,34,11,6,2,0,0,0,0
8478499,2022,Adin Hill,VGK,G,all,27,62,68,806,182,59,24,22,16,2,1
8478499,2022,Adin Hill,VGK,G,5on5,27,51,59,703,148,44,22,20,9,2,1
8478499,2022,Adin Hill,VGK,G,4on5,27,8,6,56,19,8,0,2,6,0,0
8478499,2022,Adin Hill,VGK,G,5on4,27,0,0,12,2,0,0,0,0,0,0
8477970,2022,Vitek Vanecek,NJD,G,other,52,7,5,29,18,13,3,2,2,0,0
8477970,2022,Vitek Vanecek,NJD,G,all,52,119,119,1399,420,115,35,46,38,2,1
8477970,2022,Vitek Vanecek,NJD,G,5on5,52,87,93,1144,338,71,29,34,24,2,1
8477970,2022,Vitek Vanecek,NJD,G,4on5,52,19,21,189,50,25,2,8,9,0,0
8477970,2022,Vitek Vanecek,NJD,G,5on4,52,5,0,34,11,5,1,2,2,0,0
8474593,2022,Jacob Markstrom,CGY,G,other,59,12,7,50,37,18,3,4,5,0,0
8474593,2022,Jacob Markstrom,CGY,G,all,59,166,159,1509,472,180,49,63,54,4,2
8474593,2022,Jacob Markstrom,CGY,G,5on5,59,121,123,1201,339,122,42,46,33,2,1
8474593,2022,Jacob Markstrom,CGY,G,4on5,59,25,19,201,73,30,3,9,13,2,1
8474593,2022,Jacob Markstrom,CGY,G,5on4,59,4,5,43,14,6,0,3,1,0,0
8470594,2022,Marc-Andre Fleury,MIN,G,other,46,11,11,47,34,14,1,6,4,0,0
8470594,2022,Marc-Andre Fleury,MIN,G,all,46,126,123,1288,414,132,43,55,28,2,1
8470594,2022,Marc-Andre Fleury,MIN,G,5on5,46,84,90,1040,305,82,36,36,12,0,0
8470594,2022,Marc-Andre Fleury,MIN,G,4on5,46,30,22,178,69,32,5,13,12,0,0
8470594,2022,Marc-Andre Fleury,MIN,G,5on4,46,1,0,21,6,4,1,0,0,2,1
8481033,2022,Akira Schmid,NJD,G,other,18,0,3,17,10,2,0,0,0,0,0
8481033,2022,Akira Schmid,NJD,G,all,18,32,37,419,125,35,4,19,9,0,0
8481033,2022,Akira Schmid,NJD,G,5on5,18,24,30,333,97,25,4,17,3,0,0
8481033,2022,Akira Schmid,NJD,G,4on5,18,8,4,46,15,8,0,2,6,0,0
8481033,2022,Akira Schmid,NJD,G,5on4,18,0,0,13,0,0,0,0,0,0,0
8475831,2022,Philipp Grubauer,SEA,G,other,39,8,5,19,11,10,1,5,2,0,0
8475831,2022,Philipp Grubauer,SEA,G,all,39,98,102,925,309,100,30,37,31,0,0
8475831,2022,Philipp Grubauer,SEA,G,5on5,39,67,83,744,257,72,22,28,17,0,0
8475831,2022,Philipp Grubauer,SEA,G,4on5,39,20,14,143,32,17,5,3,12,0,0
8475831,2022,Philipp Grubauer,SEA,G,5on4,39,3,0,14,6,1,2,1,0,0,0
8476234,2022,Keith Kinkaid,COL,G,other,2,0,0,0,0,0,0,0,0,0,0
8476234,2022,Keith Kinkaid,COL,G,all,2,2,5,44,10,5,0,1,1,0,0
8476234,2022,Keith Kinkaid,COL,G,5on5,2,1,4,40,7,3,0,1,0,0,0
8476234,2022,Keith Kinkaid,COL,G,4on5,2,0,1,3,3,1,0,0,0,0,0
8476234,2022,Keith Kinkaid,COL,G,5on4,2,1,0,1,0,1,0,0,1,0,0
8477465,2022,Tristan Jarry,PIT,G,other,47,11,5,50,40,7,0,7,4,0,0
8477465,2022,Tristan Jarry,PIT,G,all,47,128,109,1403,403,105,31,59,38,2,1
8477465,2022,Tristan Jarry,PIT,G,5on5,47,89,82,1107,303,69,29,43,17,2,1
8477465,2022,Tristan Jarry,PIT,G,4on5,47,24,20,209,41,25,2,6,16,0,0
8477465,2022,Tristan Jarry,PIT,G,5on4,47,3,2,36,18,4,0,2,1,0,0
8479312,2022,Alex Lyon,FLA,G,other,15,3,3,19,6,3,1,2,0,0,0
8479312,2022,Alex Lyon,FLA,G,all,15,43,58,471,157,54,16,16,11,0,0
8479312,2022,Alex Lyon,FLA,G,5on5,15,30,42,364,123,34,11,12,7,0,0
8479312,2022,Alex Lyon,FLA,G,4on5,15,6,13,70,21,14,3,0,3,0,0
8479312,2022,Alex Lyon,FLA,G,5on4,15,2,0,15,3,1,1,1,0,0,0
8473503,2022,James Reimer,SJS,G,other,43,10,11,62,22,13,4,2,4,0,0
8473503,2022,James Reimer,SJS,G,all,43,147,132,1344,412,140,56,58,33,2,1
8473503,2022,James Reimer,SJS,G,5on5,43,112,100,1062,320,89,48,48,16,0,0
8473503,2022,James Reimer,SJS,G,4on5,43,18,18,178,60,24,4,6,8,0,0
8473503,2022,James Reimer,SJS,G,5on4,43,6,1,34,6,9,0,2,4,2,1
8477480,2022,Eric Comrie,BUF,G,other,19,4,4,35,14,2,1,3,0,0,0
8477480,2022,Eric Comrie,BUF,G,all,19,68,63,550,189,59,22,26,20,2,1
8477480,2022,Eric Comrie,BUF,G,5on5,19,49,48,425,146,40,19,20,10,2,1
8477480,2022,Eric Comrie,BUF,G,4on5,19,13,10,69,20,12,2,2,9,0,0
8477480,2022,Eric Comrie,BUF,G,5on4,19,2,1,21,4,5,0,1,1,0,0
8476434,2022,John Gibson,ANA,G,other,53,10,9,69,41,13,3,2,5,2,1
8476434,2022,John Gibson,ANA,G,all,53,200,206,1866,569,194,58,91,51,12,6
8476434,2022,John Gibson,ANA,G,5on5,53,142,168,1535,444,132,53,70,19,10,5
8476434,2022,John Gibson,ANA,G,4on5,53,42,27,238,65,44,2,14,26,0,0
8476434,2022,John Gibson,ANA,G,5on4,53,3,2,21,15,4,0,2,1,0,0
8478902,2022,Erik Kallgren,TOR,G,other,10,3,2,4,9,3,0,2,1,0,0
8478902,2022,Erik Kallgren,TOR,G,all,10,25,29,248,97,19,5,13,7,0,0
8478902,2022,Erik Kallgren,TOR,G,5on5,10,14,25,214,74,13,3,8,3,0,0
8478902,2022,Erik Kallgren,TOR,G,4on5,10,5,2,24,11,3,1,1,3,0,0
8478902,2022,Erik Kallgren,TOR,G,5on4,10,1,0,4,2,0,0,1,0,0,0
8482221,2022,Devon Levi,BUF,G,other,7,1,0,1,5,0,0,1,0,0,0
8482221,2022,Devon Levi,BUF,G,all,7,21,28,209,80,23,10,6,5,0,0
8482221,2022,Devon Levi,BUF,G,5on5,7,16,26,183,65,18,8,4,4,0,0
8482221,2022,Devon Levi,BUF,G,4on5,7,4,2,19,9,4,2,1,1,0,0
8482221,2022,Devon Levi,BUF,G,5on4,7,0,0,5,0,1,0,0,0,0,0
8478971,2022,Connor Ingram,ARI,G,other,27,7,7,36,35,12,0,5,2,0,0
8478971,2022,Connor Ingram,ARI,G,all,27,89,84,904,296,87,32,33,24,2,1
8478971,2022,Connor Ingram,ARI,G,5on5,27,58,59,689,208,55,24,24,10,2,1
8478971,2022,Connor Ingram,ARI,G,4on5,27,22,17,158,41,17,7,4,11,0,0
8478971,2022,Connor Ingram,ARI,G,5on4,27,1,1,16,10,2,0,0,1,0,0
8476903,2022,Jon Gillies,CBJ,G,other,3,0,0,0,0,0,0,0,0,0,0
8476903,2022,Jon Gillies,CBJ,G,all,3,9,11,71,21,7,2,6,1,0,0
8476903,2022,Jon Gillies,CBJ,G,5on5,3,8,11,63,20,6,2,5,1,0,0
8476903,2022,Jon Gillies,CBJ,G,4on5,3,0,0,6,0,1,0,0,0,0,0
8476903,2022,Jon Gillies,CBJ,G,5on4,3,1,0,2,1,0,0,1,0,0,0
8478433,2022,Felix Sandstrom,PHI,G,other,20,5,1,15,3,4,1,2,2,0,0
8478433,2022,Felix Sandstrom,PHI,G,all,20,69,47,592,174,55,21,28,20,0,0
8478433,2022,Felix Sandstrom,PHI,G,5on5,20,48,33,496,135,32,19,21,8,0,0
8478433,2022,Felix Sandstrom,PHI,G,4on5,20,12,12,70,29,13,1,3,8,0,0
8478433,2022,Felix Sandstrom,PHI,G,5on4,20,3,1,11,5,6,0,1,2,0,0
8480313,2022,Logan Thompson,VGK,G,other,37,5,6,46,17,7,1,2,2,2,1
8480313,2022,Logan Thompson,VGK,G,all,37,96,95,1152,290,88,30,38,28,2,1
8480313,2022,Logan Thompson,VGK,G,5on5,37,71,74,951,234,55,27,32,12,0,0
8480313,2022,Logan Thompson,VGK,G,4on5,37,17,12,126,32,20,1,4,12,0,0
8480313,2022,Logan Thompson,VGK,G,5on4,37,2,3,26,7,6,0,0,2,0,0
8475660,2022,Cam Talbot,OTT,G,other,36,5,3,33,12,4,2,2,1,0,0
8475660,2022,Cam Talbot,OTT,G,all,36,95,95,906,279,97,32,34,29,0,0
8475660,2022,Cam Talbot,OTT,G,5on5,36,68,61,689,210,59,27,28,13,0,0
8475660,2022,Cam Talbot,OTT,G,4on5,36,19,26,151,42,27,3,2,14,0,0
8475660,2022,Cam Talbot,OTT,G,5on4,36,2,5,30,14,6,0,1,1,0,0
8474682,2022,Dustin Tokarski,PIT,G,other,4,0,0,5,3,1,0,0,0,0,0
8474682,2022,Dustin Tokarski,PIT,G,all,4,12,14,105,38,16,2,5,5,0,0
8474682,2022,Dustin Tokarski,PIT,G,5on5,4,7,10,82,25,10,2,3,2,0,0
8474682,2022,Dustin Tokarski,PIT,G,4on5,4,4,2,13,7,2,0,2,2,0,0
8474682,2022,Dustin Tokarski,PIT,G,5on4,4,1,2,5,3,3,0,0,1,0,0
8476914,2022,Joonas Korpisalo,LAK,G,other,39,9,4,69,20,13,2,2,5,0,0
8476914,2022,Joonas Korpisalo,LAK,G,all,39,104,116,1183,345,133,34,33,37,0,0
8476914,2022,Joonas Korpisalo,LAK,G,5on5,39,66,91,914,267,92,27,26,13,0,0
8476914,2022,Joonas Korpisalo,LAK,G,4on5,39,23,18,173,41,20,4,4,15,0,0
8476914,2022,Joonas Korpisalo,LAK,G,5on4,39,5,3,25,12,8,0,1,4,0,0
8479292,2022,Charlie Lindgren,WSH,G,other,31,6,1,33,16,3,0,3,3,0,0
8479292,2022,Charlie Lindgren,WSH,G,all,31,86,59,824,276,79,38,24,24,0,0
8479292,2022,Charlie Lindgren,WSH,G,5on5,31,66,44,677,215,52,35,21,10,0,0
8479292,2022,Charlie Lindgren,WSH,G,4on5,31,13,14,94,37,20,3,0,10,0,0
8479292,2022,Charlie Lindgren,WSH,G,5on4,31,1,0,19,7,4,0,0,1,0,0
8476316,2022,Laurent Brossoit,VGK,G,other,11,3,1,20,8,2,1,2,0,0,0
8476316,2022,Laurent Brossoit,VGK,G,all,11,23,20,367,78,24,8,11,4,0,0
8476316,2022,Laurent Brossoit,VGK,G,5on5,11,15,17,305,60,16,6,7,2,0,0
8476316,2022,Laurent Brossoit,VGK,G,4on5,11,4,2,38,9,5,1,1,2,0,0
8476316,2022,Laurent Brossoit,VGK,G,5on4,11,1,0,4,1,1,0,1,0,0,0
8475789,2022,Jack Campbell,EDM,G,other,36,3,3,25,18,8,0,1,2,0,0
8475789,2022,Jack Campbell,EDM,G,all,36,115,82,1019,254,101,41,34,40,2,1
8475789,2022,Jack Campbell,EDM,G,5on5,36,82,69,813,186,61,37,27,18,2,1
8475789,2022,Jack Campbell,EDM,G,4on5,36,26,7,153,40,29,1,6,19,0,0
8475789,2022,Jack Campbell,EDM,G,5on4,36,2,0,22,2,2,1,0,1,0,0
8475683,2022,Sergei Bobrovsky,FLA,G,other,50,14,14,64,31,18,5,3,6,0,0
8475683,2022,Sergei Bobrovsky,FLA,G,all,50,145,150,1434,412,172,48,46,51,2,1
8475683,2022,Sergei Bobrovsky,FLA,G,5on5,50,91,111,1125,314,103,36,35,20,2,1
8475683,2022,Sergei Bobrovsky,FLA,G,4on5,50,35,20,203,53,46,6,6,23,0,0
8475683,2022,Sergei Bobrovsky,FLA,G,5on4,50,5,5,42,14,5,1,2,2,0,0
8480042,2022,Olle Eriksson Ek,ANA,G,other,1,2,1,3,3,0,1,1,0,0,0
8480042,2022,Olle Eriksson Ek,ANA,G,all,1,5,4,38,13,1,2,3,0,0,0
8480042,2022,Olle Eriksson Ek,ANA,G,5on5,1,2,3,28,6,1,1,1,0,0,0
8480042,2022,Olle Eriksson Ek,ANA,G,4on5,1,1,0,5,4,0,0,1,0,0,0
8480042,2022,Olle Eriksson Ek,ANA,G,5on4,1,0,0,2,0,0,0,0,0,0,0
8478916,2022,Joey Daccord,SEA,G,other,5,3,1,5,2,2,0,1,2,0,0
8478916,2022,Joey Daccord,SEA,G,all,5,13,12,133,36,12,4,3,6,0,0
8478916,2022,Joey Daccord,SEA,G,5on5,5,9,9,106,27,7,3,2,4,0,0
8478916,2022,Joey Daccord,SEA,G,4on5,5,1,2,12,4,3,1,0,0,0,0
8478916,2022,Joey Daccord,SEA,G,5on4,5,0,0,7,0,0,0,0,0,0,0
8481519,2022,Spencer Knight,FLA,G,other,21,6,6,17,14,11,0,3,3,0,0
8481519,2022,Spencer Knight,FLA,G,all,21,62,54,613,161,59,29,19,14,0,0
8481519,2022,Spencer Knight,FLA,G,5on5,21,39,32,487,119,29,25,11,3,0,0
8481519,2022,Spencer Knight,FLA,G,4on5,21,17,14,90,25,18,4,5,8,0,0
8481519,2022,Spencer Knight,FLA,G,5on4,21,0,2,18,2,1,0,0,0,0,0
8477180,2022,Aaron Dell,SJS,G,other,4,0,0,0,0,0,0,0,0,0,0
8477180,2022,Aaron Dell,SJS,G,all,4,9,14,78,38,15,3,4,2,0,0
8477180,2022,Aaron Dell,SJS,G,5on5,4,7,11,67,27,13,3,2,2,0,0
8477180,2022,Aaron Dell,SJS,G,4on5,4,2,3,10,9,2,0,2,0,0,0
8477180,2022,Aaron Dell,SJS,G,5on4,4,0,0,1,2,0,0,0,0,0,0
8480193,2022,Daniil Tarasov,CBJ,G,other,17,2,2,11,8,1,0,1,1,0,0
8480193,2022,Daniil Tarasov,CBJ,G,all,17,57,58,531,168,42,24,20,13,0,0
8480193,2022,Daniil Tarasov,CBJ,G,5on5,17,46,51,468,141,31,23,17,6,0,0
8480193,2022,Daniil Tarasov,CBJ,G,4on5,17,8,5,46,17,8,1,2,5,0,0
8480193,2022,Daniil Tarasov,CBJ,G,5on4,17,1,0,6,2,2,0,0,1,0,0
8471418,2022,Anton Khudobin,CHI,G,other,1,0,0,1,0,0,0,0,0,0,0
8471418,2022,Anton Khudobin,CHI,G,all,1,6,2,29,9,4,2,2,2,0,0
8471418,2022,Anton Khudobin,CHI,G,5on5,1,4,2,21,6,3,1,2,1,0,0
8471418,2022,Anton Khudobin,CHI,G,4on5,1,2,0,4,3,1,1,0,1,0,0
8471418,2022,Anton Khudobin,CHI,G,5on4,1,0,0,3,0,0,0,0,0,0,0
8476341,2022,Anton Forsberg,OTT,G,other,28,2,5,31,9,14,1,0,1,0,0
8476341,2022,Anton Forsberg,OTT,G,all,28,80,82,800,216,115,25,22,33,2,1
8476341,2022,Anton Forsberg,OTT,G,5on5,28,53,58,605,165,67,20,16,17,2,1
8476341,2022,Anton Forsberg,OTT,G,4on5,28,20,17,137,31,30,3,3,14,0,0
8476341,2022,Anton Forsberg,OTT,G,5on4,28,3,2,22,8,3,1,2,0,0,0
8483158,2022,Matthew Berlin,EDM,G,other,1,0,0,0,0,0,0,0,0,0,0
8483158,2022,Matthew Berlin,EDM,G,all,1,0,0,1,0,0,0,0,0,0,0
8483158,2022,Matthew Berlin,EDM,G,5on5,1,0,0,1,0,0,0,0,0,0,0
8483158,2022,Matthew Berlin,EDM,G,4on5,1,0,0,0,0,0,0,0,0,0,0
8483158,2022,Matthew Berlin,EDM,G,5on4,1,0,0,0,0,0,0,0,0,0,0
8480843,2022,Lukas Dostal,ANA,G,other,19,4,1,29,9,4,2,1,1,0,0
8480843,2022,Lukas Dostal,ANA,G,all,19,67,52,726,189,63,27,18,22,0,0
8480843,2022,Lukas Dostal,ANA,G,5on5,19,42,40,578,141,36,19,14,9,0,0
8480843,2022,Lukas Dostal,ANA,G,4on5,19,19,10,105,33,20,5,2,12,0,0
8480843,2022,Lukas Dostal,ANA,G,5on4,19,2,1,14,6,3,1,1,0,0,0
8471774,2022,Alex Stalock,CHI,G,other,27,3,3,31,6,2,1,1,1,0,0
8471774,2022,Alex Stalock,CHI,G,all,27,74,64,832,198,73,29,26,19,6,4
8471774,2022,Alex Stalock,CHI,G,5on5,27,55,48,667,162,50,26,20,9,6,4
8471774,2022,Alex Stalock,CHI,G,4on5,27,12,10,108,21,14,2,2,8,0,0
8471774,2022,Alex Stalock,CHI,G,5on4,27,3,3,19,8,6,0,3,0,0,0
8481692,2022,Dustin Wolf,CGY,G,other,1,0,0,1,0,1,0,0,0,0,0
8481692,2022,Dustin Wolf,CGY,G,all,1,1,2,29,3,4,0,0,1,0,0
8481692,2022,Dustin Wolf,CGY,G,5on5,1,1,2,23,3,2,0,0,1,0,0
8481692,2022,Dustin Wolf,CGY,G,4on5,1,0,0,5,0,0,0,0,0,0,0
8481692,2022,Dustin Wolf,CGY,G,5on4,1,0,0,0,0,1,0,0,0,0,0
8478039,2022,Kaapo Kahkonen,SJS,G,other,37,8,2,32,11,4,3,4,1,0,0
8478039,2022,Kaapo Kahkonen,SJS,G,all,37,135,107,1152,338,109,44,59,32,0,0
8478039,2022,Kaapo Kahkonen,SJS,G,5on5,37,100,84,942,263,81,36,46,18,0,0
8478039,2022,Kaapo Kahkonen,SJS,G,4on5,37,20,19,152,51,21,4,5,11,0,0
8478039,2022,Kaapo Kahkonen,SJS,G,5on4,37,5,2,20,10,2,1,3,1,0,0
8482447,2022,Leevi Merilainen,OTT,G,other,2,1,3,5,3,3,1,0,0,0,0
8482447,2022,Leevi Merilainen,OTT,G,all,2,6,7,47,17,6,5,1,0,0,0
8482447,2022,Leevi Merilainen,OTT,G,5on5,2,2,3,33,10,2,1,1,0,0,0
8482447,2022,Leevi Merilainen,OTT,G,4on5,2,2,1,5,4,1,2,0,0,0,0
8482447,2022,Leevi Merilainen,OTT,G,5on4,2,1,0,4,0,0,1,0,0,0,0
8470880,2022,Brian Elliott,TBL,G,other,22,2,6,21,15,5,0,2,0,0,0
8470880,2022,Brian Elliott,TBL,G,all,22,75,67,646,230,71,24,31,20,0,0
8470880,2022,Brian Elliott,TBL,G,5on5,22,52,51,539,163,48,23,19,10,0,0
8470880,2022,Brian Elliott,TBL,G,4on5,22,18,10,71,44,15,1,8,9,0,0
8470880,2022,Brian Elliott,TBL,G,5on4,22,2,0,14,5,3,0,1,1,0,0
8477424,2022,Juuse Saros,NSH,G,other,64,18,7,64,60,17,4,8,6,0,0
8477424,2022,Juuse Saros,NSH,G,all,64,171,206,2025,683,222,43,74,54,0,0
8477424,2022,Juuse Saros,NSH,G,5on5,64,116,156,1599,508,146,36,51,29,0,0
8477424,2022,Juuse Saros,NSH,G,4on5,64,31,39,310,90,49,1,12,18,0,0
8477424,2022,Juuse Saros,NSH,G,5on4,64,6,4,50,23,10,2,3,1,0,0
8475311,2022,Darcy Kuemper,WSH,G,other,57,7,7,66,22,15,0,0,7,0,0
8475311,2022,Darcy Kuemper,WSH,G,all,57,154,153,1736,503,154,45,60,49,4,2
8475311,2022,Darcy Kuemper,WSH,G,5on5,57,116,120,1422,390,105,41,49,26,4,2
8475311,2022,Darcy Kuemper,WSH,G,4on5,57,24,26,205,78,32,3,6,15,0,0
8475311,2022,Darcy Kuemper,WSH,G,5on4,57,6,0,40,11,2,1,4,1,0,0
8479973,2022,Stuart Skinner,EDM,G,other,50,10,5,50,30,12,1,5,4,0,0
8479973,2022,Stuart Skinner,EDM,G,all,50,133,129,1513,449,125,42,50,41,0,0
8479973,2022,Stuart Skinner,EDM,G,5on5,50,87,92,1180,339,81,35,32,20,0,0
8479973,2022,Stuart Skinner,EDM,G,4on5,50,31,32,248,68,30,4,11,16,0,0
8479973,2022,Stuart Skinner,EDM,G,5on4,50,4,0,30,9,2,1,2,1,0,0
8481020,2022,Justus Annunen,COL,G,other,2,0,0,0,0,0,0,0,0,0,0
8481020,2022,Justus Annunen,COL,G,all,2,7,3,54,10,4,3,3,1,0,0
8481020,2022,Justus Annunen,COL,G,5on5,2,6,3,45,10,3,3,3,0,0,0
8481020,2022,Justus Annunen,COL,G,4on5,2,1,0,6,0,1,0,0,1,0,0
8481020,2022,Justus Annunen,COL,G,5on4,2,0,0,3,0,0,0,0,0,0,0
8474636,2022,Michael Hutchinson,CBJ,G,other,16,2,3,5,5,4,0,1,1,0,0
8474636,2022,Michael Hutchinson,CBJ,G,all,16,54,41,412,176,39,16,26,12,0,0
8474636,2022,Michael Hutchinson,CBJ,G,5on5,16,41,36,352,139,28,14,21,6,0,0
8474636,2022,Michael Hutchinson,CBJ,G,4on5,16,9,2,40,20,6,2,2,5,0,0
8474636,2022,Michael Hutchinson,CBJ,G,5on4,16,1,0,13,6,1,0,1,0,0,0
8480925,2022,Pavel Francouz,COL,G,other,16,4,1,12,6,3,2,1,1,0,0
8480925,2022,Pavel Francouz,COL,G,all,16,42,44,495,134,38,12,18,12,0,0
8480925,2022,Pavel Francouz,COL,G,5on5,16,30,38,405,105,26,9,13,8,0,0
8480925,2022,Pavel Francouz,COL,G,4on5,16,6,5,62,19,9,1,2,3,0,0
8480925,2022,Pavel Francouz,COL,G,5on4,16,2,0,15,4,0,0,2,0,0,0
8473575,2022,Semyon Varlamov,NYI,G,other,23,5,3,24,17,7,1,3,1,0,0
8473575,2022,Semyon Varlamov,NYI,G,all,23,60,62,731,196,58,23,25,12,0,0
8473575,2022,Semyon Varlamov,NYI,G,5on5,23,42,47,605,140,36,19,16,7,0,0
8473575,2022,Semyon Varlamov,NYI,G,4on5,23,11,10,82,34,12,2,6,3,0,0
8473575,2022,Semyon Varlamov,NYI,G,5on4,23,1,1,20,3,2,1,0,0,0,0
8483183,2022,Jett Alexander,TOR,G,other,1,0,0,0,0,0,0,0,0,0,0
8483183,2022,Jett Alexander,TOR,G,all,1,0,0,0,0,0,0,0,0,0,0
8483183,2022,Jett Alexander,TOR,G,5on5,1,0,0,0,0,0,0,0,0,0,0
8483183,2022,Jett Alexander,TOR,G,4on5,1,0,0,0,0,0,0,0,0,0,0
8483183,2022,Jett Alexander,TOR,G,5on4,1,0,0,0,0,0,0,0,0,0,0
8480199,2022,Eetu Makiniemi,SJS,G,other,2,0,0,6,1,0,0,0,0,0,0
8480199,2022,Eetu Makiniemi,SJS,G,all,2,3,1,37,5,4,2,0,1,0,0
8480199,2022,Eetu Makiniemi,SJS,G,5on5,2,1,1,24,1,2,1,0,0,0,0
8480199,2022,Eetu Makiniemi,SJS,G,4on5,2,1,0,3,2,1,0,0,1,0,0
8480199,2022,Eetu Makiniemi,SJS,G,5on4,2,0,0,0,1,0,0,0,0,0,0
8479406,2022,Filip Gustavsson,MIN,G,other,39,11,10,49,23,17,0,2,9,0,0
8479406,2022,Filip Gustavsson,MIN,G,all,39,81,102,1247,306,96,26,29,26,0,0
8479406,2022,Filip Gustavsson,MIN,G,5on5,39,56,75,994,242,60,24,23,9,0,0
8479406,2022,Filip Gustavsson,MIN,G,4on5,39,12,15,172,26,15,2,2,8,0,0
8479406,2022,Filip Gustavsson,MIN,G,5on4,39,1,0,24,6,3,0,1,0,0,0
8478492,2022,Ilya Samsonov,TOR,G,other,42,7,6,39,15,7,3,2,2,0,0
8478492,2022,Ilya Samsonov,TOR,G,all,42,96,116,1220,329,127,46,24,26,0,0
8478492,2022,Ilya Samsonov,TOR,G,5on5,42,69,91,967,274,91,39,18,12,0,0
8478492,2022,Ilya Samsonov,TOR,G,4on5,42,17,18,165,28,25,3,2,12,0,0
8478492,2022,Ilya Samsonov,TOR,G,5on4,42,2,0,37,6,3,0,2,0,0,0
8482821,2022,Arvid Soderblom,CHI,G,other,15,2,0,3,5,2,0,1,1,0,0
8482821,2022,Arvid Soderblom,CHI,G,all,15,48,39,449,126,49,16,18,14,0,0
8482821,2022,Arvid Soderblom,CHI,G,5on5,15,34,35,390,105,36,15,12,7,0,0
8482821,2022,Arvid Soderblom,CHI,G,4on5,15,9,3,42,8,8,1,3,5,0,0
8482821,2022,Arvid Soderblom,CHI,G,5on4,15,3,1,10,8,3,0,2,1,0,0
8475809,2022,Scott Wedgewood,DAL,G,other,21,4,1,7,10,5,0,3,1,0,0
8475809,2022,Scott Wedgewood,DAL,G,all,21,51,47,584,170,62,15,25,11,0,0
8475809,2022,Scott Wedgewood,DAL,G,5on5,21,35,39,489,117,38,13,17,5,0,0
8475809,2022,Scott Wedgewood,DAL,G,4on5,21,12,6,67,40,15,2,5,5,0,0
8475809,2022,Scott Wedgewood,DAL,G,5on4,21,0,1,17,3,4,0,0,0,0,0
8477831,2022,Pheonix Copley,LAK,G,other,37,9,2,44,20,5,3,5,1,0,0
8477831,2022,Pheonix Copley,LAK,G,all,37,92,90,1015,272,98,34,30,28,9,3
8477831,2022,Pheonix Copley,LAK,G,5on5,37,58,69,772,216,64,28,20,10,9,3
8477831,2022,Pheonix Copley,LAK,G,4on5,37,23,17,174,29,25,3,3,17,0,0
8477831,2022,Pheonix Copley,LAK,G,5on4,37,1,0,21,3,2,0,1,0,0,0
8481544,2022,Mads Sogaard,OTT,G,other,19,3,5,21,14,7,0,2,1,0,0
8481544,2022,Mads Sogaard,OTT,G,all,19,58,38,514,153,55,22,20,16,0,0
8481544,2022,Mads Sogaard,OTT,G,5on5,19,42,23,383,111,32,21,13,8,0,0
8481544,2022,Mads Sogaard,OTT,G,4on5,19,9,10,97,21,12,0,3,6,0,0
8481544,2022,Mads Sogaard,OTT,G,5on4,19,3,0,11,7,4,0,2,1,0,0
8480263,2022,Dylan Ferguson,OTT,G,other,2,0,1,1,3,1,0,0,0,0,0
8480263,2022,Dylan Ferguson,OTT,G,all,2,5,9,80,24,9,1,2,2,0,0
8480263,2022,Dylan Ferguson,OTT,G,5on5,2,4,8,75,19,7,1,2,1,0,0
8480263,2022,Dylan Ferguson,OTT,G,4on5,2,1,0,4,2,1,0,0,1,0,0
8480263,2022,Dylan Ferguson,OTT,G,5on4,2,0,0,0,0,0,0,0,0,0,0
8480045,2022,Ukko-Pekka Luukkonen,BUF,G,other,33,8,5,50,29,10,2,2,4,2,1
8480045,2022,Ukko-Pekka Luukkonen,BUF,G,all,33,115,99,970,340,113,36,45,34,2,1
8480045,2022,Ukko-Pekka Luukkonen,BUF,G,5on5,33,84,77,775,268,71,33,38,13,0,0
8480045,2022,Ukko-Pekka Luukkonen,BUF,G,4on5,33,21,17,129,33,30,1,3,17,0,0
8480045,2022,Ukko-Pekka Luukkonen,BUF,G,5on4,33,2,0,16,10,2,0,2,0,0,0
8480238,2022,Jiri Patera,VGK,G,other,2,0,0,1,0,0,0,0,0,0,0
8480238,2022,Jiri Patera,VGK,G,all,2,5,10,63,17,10,1,0,4,0,0
8480238,2022,Jiri Patera,VGK,G,5on5,2,4,6,52,16,7,1,0,3,0,0
8480238,2022,Jiri Patera,VGK,G,4on5,2,1,2,8,0,1,0,0,1,0,0
8480238,2022,Jiri Patera,VGK,G,5on4,2,0,2,2,1,2,0,0,0,0,0
8477361,2022,Cal Petersen,LAK,G,other,10,5,0,15,16,3,3,0,2,0,0
8477361,2022,Cal Petersen,LAK,G,all,10,34,16,253,90,16,16,7,11,0,0
8477361,2022,Cal Petersen,LAK,G,5on5,10,19,12,207,57,9,9,5,5,0,0
8477361,2022,Cal Petersen,LAK,G,4on5,10,10,4,26,15,4,4,2,4,0,0
8477361,2022,Cal Petersen,LAK,G,5on4,10,0,0,5,2,0,0,0,0,0,0
8471734,2022,Jonathan Quick,VGK,G,other,41,11,10,60,36,12,1,5,5,0,0
8471734,2022,Jonathan Quick,VGK,G,all,41,127,108,1075,337,111,45,52,30,4,2
8471734,2022,Jonathan Quick,VGK,G,5on5,41,86,82,849,251,78,39,36,11,4,2
8471734,2022,Jonathan Quick,VGK,G,4on5,41,24,15,141,38,18,4,7,13,0,0
8471734,2022,Jonathan Quick,VGK,G,5on4,41,5,1,25,11,3,1,3,1,0,0
8477293,2022,Antti Raanta,CAR,G,other,27,2,2,17,8,5,0,2,0,0,0
8477293,2022,Antti Raanta,CAR,G,all,27,58,54,638,205,50,23,23,12,0,0
8477293,2022,Antti Raanta,CAR,G,5on5,27,35,36,487,146,27,19,14,2,0,0
8477293,2022,Antti Raanta,CAR,G,4on5,27,17,14,106,36,15,4,4,9,0,0
8477293,2022,Antti Raanta,CAR,G,5on4,27,3,1,25,10,2,0,2,1,0,0
8474889,2022,Martin Jones,SEA,G,other,48,12,7,42,23,20,1,4,7,0,0
8474889,2022,Martin Jones,SEA,G,all,48,131,97,1201,363,132,31,56,44,0,0
8474889,2022,Martin Jones,SEA,G,5on5,48,86,69,958,278,72,25,42,19,0,0
8474889,2022,Martin Jones,SEA,G,4on5,48,28,20,168,53,35,3,9,16,0,0
8474889,2022,Martin Jones,SEA,G,5on4,48,4,1,32,9,5,1,1,2,0,0
8470860,2022,Jaroslav Halak,NYR,G,other,25,6,4,22,11,9,2,2,2,0,0
8470860,2022,Jaroslav Halak,NYR,G,all,25,66,67,695,192,76,22,28,16,0,0
8470860,2022,Jaroslav Halak,NYR,G,5on5,25,51,52,570,144,56,19,21,11,0,0
8470860,2022,Jaroslav Halak,NYR,G,4on5,25,6,10,84,26,10,1,2,3,0,0
8470860,2022,Jaroslav Halak,NYR,G,5on4,25,1,1,18,7,1,0,1,0,0,0
8479380,2022,Dylan Wells,CHI,G,other,1,0,0,0,1,0,0,0,0,0,0
8479380,2022,Dylan Wells,CHI,G,all,1,1,0,14,5,2,1,0,0,0,0
8479380,2022,Dylan Wells,CHI,G,5on5,1,0,0,13,4,2,0,0,0,0,0
8479380,2022,Dylan Wells,CHI,G,4on5,1,1,0,1,0,0,1,0,0,0,0
8479380,2022,Dylan Wells,CHI,G,5on4,1,0,0,0,0,0,0,0,0,0,0
8475883,2022,Frederik Andersen,CAR,G,other,34,6,10,39,16,13,0,4,2,0,0
8475883,2022,Frederik Andersen,CAR,G,all,34,82,88,831,236,83,28,38,16,0,0
8475883,2022,Frederik Andersen,CAR,G,5on5,34,62,62,687,181,51,27,28,7,0,0
8475883,2022,Frederik Andersen,CAR,G,4on5,34,12,14,87,34,16,0,5,7,0,0
8475883,2022,Frederik Andersen,CAR,G,5on4,34,2,2,17,5,3,1,1,0,0,0
8478406,2022,Mackenzie Blackwood,NJD,G,other,22,4,5,23,13,5,1,2,1,0,0
8478406,2022,Mackenzie Blackwood,NJD,G,all,22,60,70,563,174,67,22,21,17,2,1
8478406,2022,Mackenzie Blackwood,NJD,G,5on5,22,44,54,469,135,44,19,14,11,2,1
8478406,2022,Mackenzie Blackwood,NJD,G,4on5,22,10,11,55,22,15,2,3,5,0,0
8478406,2022,Mackenzie Blackwood,NJD,G,5on4,22,2,0,16,4,3,0,2,0,0,0
8476433,2022,Magnus Hellberg,DET,G,other,18,2,2,12,2,4,0,1,1,0,0
8476433,2022,Magnus Hellberg,DET,G,all,18,50,38,443,153,46,19,17,14,0,0
8476433,2022,Magnus Hellberg,DET,G,5on5,18,39,33,361,116,33,15,15,9,0,0
8476433,2022,Magnus Hellberg,DET,G,4on5,18,8,3,58,31,8,4,1,3,0,0
8476433,2022,Magnus Hellberg,DET,G,5on4,18,1,0,8,2,1,0,0,1,0,0
8478470,2022,Sam Montembeault,MTL,G,other,40,7,6,46,21,11,3,1,3,0,0
8478470,2022,Sam Montembeault,MTL,G,all,40,133,156,1295,414,172,36,55,42,0,0
8478470,2022,Sam Montembeault,MTL,G,5on5,40,88,120,1044,305,114,30,41,17,0,0
8478470,2022,Sam Montembeault,MTL,G,4on5,40,37,28,181,77,38,3,13,21,0,0
8478470,2022,Sam Montembeault,MTL,G,5on4,40,1,2,23,10,9,0,0,1,0,0
8478435,2022,Dan Vladar,CGY,G,other,27,5,1,22,18,4,1,3,1,0,0
8478435,2022,Dan Vladar,CGY,G,all,27,72,50,695,202,58,35,22,15,2,1
8478435,2022,Dan Vladar,CGY,G,5on5,27,47,42,553,141,39,28,13,6,2,1
8478435,2022,Dan Vladar,CGY,G,4on5,27,16,6,102,37,13,5,4,7,0,0
8478435,2022,Dan Vladar,CGY,G,5on4,27,2,0,16,6,1,0,2,0,0,0
8479394,2022,Carter Hart,PHI,G,other,55,14,12,80,36,17,4,6,4,0,0
8479394,2022,Carter Hart,PHI,G,all,55,155,153,1667,499,171,44,68,43,0,0
8479394,2022,Carter Hart,PHI,G,5on5,55,101,111,1302,390,114,30,50,21,0,0
8479394,2022,Carter Hart,PHI,G,4on5,55,35,26,234,60,35,7,10,18,0,0
8479394,2022,Carter Hart,PHI,G,5on4,55,2,3,43,7,5,2,0,0,0,0
8477484,2022,Spencer Martin,VAN,G,other,29,5,0,21,12,2,1,3,1,0,0
8477484,2022,Spencer Martin,VAN,G,all,29,107,83,813,251,86,48,29,30,0,0
8477484,2022,Spencer Martin,VAN,G,5on5,29,75,66,680,186,56,42,20,13,0,0
8477484,2022,Spencer Martin,VAN,G,4on5,29,23,16,88,45,23,4,5,14,0,0
8477484,2022,Spencer Martin,VAN,G,5on4,29,4,0,19,7,4,1,1,2,0,0
8480947,2022,Kevin Lankinen,NSH,G,other,19,2,1,26,6,2,1,1,0,0,0
8480947,2022,Kevin Lankinen,NSH,G,all,19,49,55,594,175,58,19,19,11,2,1
8480947,2022,Kevin Lankinen,NSH,G,5on5,19,36,38,474,143,38,15,16,5,2,1
8480947,2022,Kevin Lankinen,NSH,G,4on5,19,11,16,81,20,17,3,2,6,0,0
8480947,2022,Kevin Lankinen,NSH,G,5on4,19,0,0,13,6,1,0,0,0,0,0
8483575,2022,Matt Murray,DAL,G,other,3,0,1,3,0,2,0,0,0,0,0
8483575,2022,Matt Murray,DAL,G,all,3,10,5,60,24,10,4,4,2,0,0
8483575,2022,Matt Murray,DAL,G,5on5,3,8,4,47,16,4,3,4,1,0,0
8483575,2022,Matt Murray,DAL,G,4on5,3,1,0,7,6,2,1,0,0,0,0
8483575,2022,Matt Murray,DAL,G,5on4,3,1,0,3,2,2,0,0,1,0,0
8479496,2022,David Rittich,WPG,G,other,21,8,0,21,13,2,4,2,2,0,0
8479496,2022,David Rittich,WPG,G,all,21,50,31,542,154,39,22,16,12,2,1
8479496,2022,David Rittich,WPG,G,5on5,21,33,29,430,108,28,15,11,7,2,1
8479496,2022,David Rittich,WPG,G,4on5,21,8,2,74,27,4,2,3,3,0,0
8479496,2022,David Rittich,WPG,G,5on4,21,1,0,17,6,5,1,0,0,0,0
8480420,2022,Collin Delia,VAN,G,other,20,8,1,34,15,3,1,5,2,0,0
8480420,2022,Collin Delia,VAN,G,all,20,62,65,509,174,67,20,20,22,0,0
8480420,2022,Collin Delia,VAN,G,5on5,20,43,49,399,118,54,16,13,14,0,0
8480420,2022,Collin Delia,VAN,G,4on5,20,9,15,62,32,9,1,2,6,0,0
8480420,2022,Collin Delia,VAN,G,5on4,20,2,0,11,7,1,2,0,0,0,0
8480382,2022,Alexandar Georgiev,COL,G,other,62,8,9,63,42,18,4,3,1,0,0
8480382,2022,Alexandar Georgiev,COL,G,all,62,156,183,1857,498,187,62,53,41,0,0
8480382,2022,Alexandar Georgiev,COL,G,5on5,62,105,129,1528,363,113,53,38,14,0,0
8480382,2022,Alexandar Georgiev,COL,G,4on5,62,40,44,221,88,51,5,12,23,0,0
8480382,2022,Alexandar Georgiev,COL,G,5on4,62,2,1,39,5,4,0,0,2,0,0
8480051,2022,Cayden Primeau,MTL,G,other,3,0,0,0,0,2,0,0,0,0,0
8480051,2022,Cayden Primeau,MTL,G,all,3,8,2,50,21,8,1,6,1,0,0
8480051,2022,Cayden Primeau,MTL,G,5on5,3,7,2,39,19,5,1,6,0,0,0
8480051,2022,Cayden Primeau,MTL,G,4on5,3,1,0,11,2,1,0,0,1,0,0
8480051,2022,Cayden Primeau,MTL,G,5on4,3,0,0,0,0,0,0,0,0,0,0
8481611,2022,Pyotr Kochetkov,CAR,G,other,24,7,4,23,19,8,2,4,1,0,0
8481611,2022,Pyotr Kochetkov,CAR,G,all,24,57,58,594,202,63,24,22,11,0,0
8481611,2022,Pyotr Kochetkov,CAR,G,5on5,24,42,37,472,152,40,20,16,6,0,0
8481611,2022,Pyotr Kochetkov,CAR,G,4on5,24,7,16,84,25,12,2,1,4,0,0
8481611,2022,Pyotr Kochetkov,CAR,G,5on4,24,0,1,15,5,3,0,0,0,0,0
8483530,2022,Jaxson Stauber,CHI,G,other,6,0,1,5,6,4,0,0,0,0,0
8483530,2022,Jaxson Stauber,CHI,G,all,6,17,18,190,65,17,8,5,4,0,0
8483530,2022,Jaxson Stauber,CHI,G,5on5,6,13,16,171,50,11,6,4,3,0,0
8483530,2022,Jaxson Stauber,CHI,G,4on5,6,4,1,10,8,2,2,1,1,0,0
8483530,2022,Jaxson Stauber,CHI,G,5on4,6,0,0,3,0,0,0,0,0,0,0
8476932,2022,Anthony Stolarz,ANA,G,other,19,1,1,11,7,1,1,0,0,0,0
8476932,2022,Anthony Stolarz,ANA,G,all,19,51,72,475,158,53,24,14,13,0,0
8476932,2022,Anthony Stolarz,ANA,G,5on5,19,38,54,390,118,38,17,13,8,0,0
8476932,2022,Anthony Stolarz,ANA,G,4on5,19,11,17,62,33,11,6,1,4,0,0
8476932,2022,Anthony Stolarz,ANA,G,5on4,19,1,0,12,0,3,0,0,1,0,0
8481035,2022,Samuel Ersson,PHI,G,other,12,2,0,8,5,0,1,1,0,0,0
8481035,2022,Samuel Ersson,PHI,G,all,12,33,34,329,128,26,16,14,3,0,0
8481035,2022,Samuel Ersson,PHI,G,5on5,12,25,30,272,87,23,14,9,2,0,0
8481035,2022,Samuel Ersson,PHI,G,4on5,12,6,4,36,34,3,1,4,1,0,0
8481035,2022,Samuel Ersson,PHI,G,5on4,12,0,0,13,2,0,0,0,0,0,0
8474596,2022,Jake Allen,MTL,G,other,42,7,3,43,22,20,0,6,1,0,0
8474596,2022,Jake Allen,MTL,G,all,42,145,125,1249,384,172,37,56,52,2,1
8474596,2022,Jake Allen,MTL,G,5on5,42,105,99,963,301,115,32,43,30,0,0
8474596,2022,Jake Allen,MTL,G,4on5,42,31,22,213,50,33,5,7,19,2,1
8474596,2022,Jake Allen,MTL,G,5on4,42,1,1,28,9,3,0,0,1,0,0
8482982,2022,Jet Greaves,CBJ,G,other,1,0,0,0,0,0,0,0,0,0,0
8482982,2022,Jet Greaves,CBJ,G,all,1,3,4,43,16,9,1,1,1,0,0
8482982,2022,Jet Greaves,CBJ,G,5on5,1,3,2,36,10,6,1,1,1,0,0
8482982,2022,Jet Greaves,CBJ,G,4on5,1,0,2,7,6,3,0,0,0,0,0
8482982,2022,Jet Greaves,CBJ,G,5on4,1,0,0,0,0,0,0,0,0,0,0
8467950,2022,Craig Anderson,BUF,G,other,26,4,5,25,15,8,1,2,1,0,0
8467950,2022,Craig Anderson,BUF,G,all,26,76,75,779,245,74,25,33,18,2,1
8467950,2022,Craig Anderson,BUF,G,5on5,26,55,58,599,203,43,20,29,6,2,1
8467950,2022,Craig Anderson,BUF,G,4on5,26,16,11,140,25,19,3,2,11,0,0
8467950,2022,Craig Anderson,BUF,G,5on4,26,1,1,15,2,4,1,0,0,0,0
8479193,2022,Casey DeSmith,PIT,G,other,38,9,3,21,14,10,2,3,4,0,0
8479193,2022,Casey DeSmith,PIT,G,all,38,109,112,1091,331,118,39,40,30,2,1
8479193,2022,Casey DeSmith,PIT,G,5on5,38,77,86,870,260,78,31,30,16,2,1
8479193,2022,Casey DeSmith,PIT,G,4on5,38,22,17,163,47,19,6,7,9,0,0
8479193,2022,Casey DeSmith,PIT,G,5on4,38,1,6,35,5,10,0,0,1,0,0
8476899,2022,Matt Murray,TOR,G,other,26,6,9,37,17,13,1,2,3,0,0
8476899,2022,Matt Murray,TOR,G,all,26,74,72,722,245,76,27,25,22,0,0
8476899,2022,Matt Murray,TOR,G,5on5,26,49,49,567,171,44,21,18,10,0,0
8476899,2022,Matt Murray,TOR,G,4on5,26,15,9,96,46,13,3,4,8,0,0
8476899,2022,Matt Murray,TOR,G,5on4,26,4,5,22,11,6,2,1,1,0,0
8475852,2022,Petr Mrazek,CHI,G,other,39,5,6,36,20,9,2,1,2,0,0
8475852,2022,Petr Mrazek,CHI,G,all,39,132,129,1170,378,143,50,41,41,4,2
8475852,2022,Petr Mrazek,CHI,G,5on5,39,102,100,975,295,104,43,31,28,4,2
8475852,2022,Petr Mrazek,CHI,G,4on5,39,24,21,128,52,24,5,9,10,0,0
8475852,2022,Petr Mrazek,CHI,G,5on4,39,1,2,26,10,5,0,0,1,0,0
8481668,2022,Arturs Silovs,VAN,G,other,5,0,0,0,1,0,0,0,0,0,0
8481668,2022,Arturs Silovs,VAN,G,all,5,14,17,156,32,14,6,2,6,0,0
8481668,2022,Arturs Silovs,VAN,G,5on5,5,11,14,128,25,10,6,2,3,0,0
8481668,2022,Arturs Silovs,VAN,G,4on5,5,2,2,24,2,2,0,0,2,0,0
8481668,2022,Arturs Silovs,VAN,G,5on4,5,1,0,3,0,2,0,0,1,0,0
8479361,2022,Joseph Woll,TOR,G,other,7,1,2,15,6,3,1,0,0,0,0
8479361,2022,Joseph Woll,TOR,G,all,7,15,25,218,58,24,3,9,3,0,0
8479361,2022,Joseph Woll,TOR,G,5on5,7,11,19,170,38,15,2,6,3,0,0
8479361,2022,Joseph Woll,TOR,G,4on5,7,2,3,32,12,5,0,2,0,0,0
8479361,2022,Joseph Woll,TOR,G,5on4,7,1,1,1,2,1,0,1,0,0,0
8476412,2022,Jordan Binnington,STL,G,other,61,11,6,55,35,13,2,4,5,0,0
8476412,2022,Jordan Binnington,STL,G,all,61,194,197,1832,569,180,59,76,59,9,3
8476412,2022,Jordan Binnington,STL,G,5on5,61,135,159,1512,447,123,50,59,26,2,1
8476412,2022,Jordan Binnington,STL,G,4on5,61,39,28,223,63,33,5,12,22,7,2
8476412,2022,Jordan Binnington,STL,G,5on4,61,7,4,38,16,10,1,1,5,0,0
8481031,2022,Ivan Prosvetov,ARI,G,other,7,1,3,13,4,6,0,0,1,0,0
8481031,2022,Ivan Prosvetov,ARI,G,all,7,28,29,243,54,33,10,8,10,0,0
8481031,2022,Ivan Prosvetov,ARI,G,5on5,7,17,15,141,47,12,9,7,1,0,0
8481031,2022,Ivan Prosvetov,ARI,G,4on5,7,9,11,83,2,14,0,1,8,0,0
8481031,2022,Ivan Prosvetov,ARI,G,5on4,7,1,0,6,1,1,1,0,0,0,0
