season,name,team,position,games_played,icetime,goalsFor,penaltiesFor,penalityMinutesFor,hitsFor,takeawaysFor,giveawaysFor,goalsAgainst,penaltiesAgainst,penalityMinutesAgainst
2022,Lindell-Hakanp,DAL,pairing,70,49810,40,50,109,374,98,119,33,44,95
2022,Leddy-Krug,STL,pairing,31,1736,3,0,0,8,4,3,1,4,8
2022,Rodrigues-Compher-Rantanen,COL,line,20,7113,4,9,18,35,11,12,5,4,8
2022,Werenski-Gudbranson,CBJ,pairing,13,2195,4,1,2,11,5,3,2,2,4
2022,Sheary-Strome-Ovechkin,WSH,line,35,16182,11,12,24,115,44,39,9,12,24
2022,Letang-Rutta,PIT,pairing,20,1014,1,0,0,16,1,4,0,2,4
2022,Cicek-Karlsson,SJS,pairing,13,1191,1,2,4,7,4,3,0,1,2
2022,Cotter-Roy-Kolesar,VGK,line,14,2438,3,1,2,30,8,4,1,1,2
2022,Kiersted-Ekblad,FLA,pairing,10,920,1,2,4,3,1,2,2,1,2
2022,Smith-Stephenson-Kessel,VGK,line,14,622,0,0,0,6,3,1,0,0,0
2022,Anderson-Dolan-Lizotte-Grundstrom,LAK,line,13,2244,3,1,2,26,3,12,2,1,2
2022,Anderson-Doughty,LAK,pairing,70,73656,51,69,152,505,110,164,42,93,194
2022,Dillon-Heinola,WPG,pairing,10,2241,1,3,6,18,6,6,4,2,4
2022,Deslauriers-Cates-Konecny,PHI,line,12,649,2,0,0,4,2,1,1,1,2
2022,Perron-Veleno-Berggren,DET,line,16,3662,1,3,6,19,8,6,1,7,16
2022,Hanifin-Tanev,CGY,pairing,55,15554,16,12,24,110,37,28,13,12,24
2022,Myers-Schenn,VAN,pairing,21,1504,1,3,6,11,6,2,0,0,0
2022,Tanev-Geekie-Donato,SEA,line,13,1688,0,4,8,14,7,1,2,3,6
2022,Middleton-Goligoski,MIN,pairing,14,767,1,0,0,3,1,1,1,1,2
2022,Tkachuk-Bennett-Cousins,FLA,line,12,1288,2,1,2,6,3,4,2,0,0
2022,Foudy-Sillinger-Bemstrom,CBJ,line,13,2839,1,2,4,15,6,3,3,1,2
2022,Tatar-Hughes-Bratt,NJD,line,32,1868,5,1,2,3,8,5,2,2,2
2022,Siegenthaler-Bahl,NJD,pairing,19,1122,0,2,4,10,2,4,0,0,0
2022,Carrier-Roy-Kessel,VGK,line,18,755,1,0,0,5,2,0,1,0,0
2022,Ruzicka-Lindholm-Toffoli,CGY,line,16,5163,6,9,24,38,17,14,3,9,24
2022,Boeser-Miller-Garland,VAN,line,15,2331,1,0,0,11,5,4,2,4,8
2022,Sundqvist-Suter-Zadina,DET,line,11,4436,4,5,8,25,7,8,1,3,6
2022,Foegele-Draisaitl-Hyman,EDM,line,14,2030,3,1,2,14,7,5,2,1,2
2022,Mccabe-Jones,CHI,pairing,38,28001,22,28,63,195,80,70,23,24,51
2022,Girard-Macdonald,COL,pairing,11,719,0,0,0,3,2,2,2,1,2
2022,Jarnkrok-Matthews-Marner,TOR,line,14,1600,2,2,4,13,4,5,0,1,2
2022,Niemelainen-Barrie,EDM,pairing,21,5655,5,6,12,61,8,28,4,9,20
2022,Robinson-Sillinger-Bemstrom,CBJ,line,10,1414,0,1,2,21,2,1,1,0,0
2022,Newhook-Compher-Kaut,COL,line,14,726,1,0,0,2,2,0,0,0,0
2022,Kerfoot-Tavares-Marner,TOR,line,27,4017,4,4,8,39,14,24,1,2,4
2022,Tatar-Hischier-Mercer,NJD,line,25,11582,13,5,10,38,25,31,7,8,16
2022,Lafrenire-Trocheck-Vesey,NYR,line,14,981,0,1,2,14,3,4,1,2,4
2022,Huberdeau-Kadri-Toffoli,CGY,line,23,1237,2,0,0,14,2,3,0,0,0
2022,Hertl-Bonino-Meier,SJS,line,10,1626,1,1,2,2,6,5,1,0,0
2022,Pilut-Fitzgerald,BUF,pairing,11,4442,3,4,8,19,8,6,6,5,10
2022,Chabot-Zub,OTT,pairing,37,27515,24,39,85,299,45,84,21,30,66
2022,Harpur-Mikkola,NYR,pairing,10,695,1,0,0,7,2,0,2,0,0
2022,Perron-Larkin-Raymond,DET,line,23,6626,2,3,6,40,12,17,5,9,16
2022,Forsberg-Parssinen-Duchene,NSH,line,20,2287,2,4,8,19,6,4,3,1,2
2022,Dillon-Pionk,WPG,pairing,63,32812,19,44,105,276,74,69,27,39,95
2022,Nyquist-Sillinger-Johnson,CBJ,line,11,1334,2,1,2,10,0,2,1,1,2
2022,Hagel-Point-Killorn,TBL,line,20,638,2,0,0,4,4,3,0,1,2
2022,Palat-Hischier-Mercer,NJD,line,14,1351,0,1,2,6,5,2,0,1,2
2022,Barron-Lowry-Gagner,WPG,line,18,3206,3,8,19,47,4,5,1,4,11
2022,Farabee-Cates-Macewen,PHI,line,11,662,0,0,0,6,1,0,0,1,0
2022,Olofsson-Cozens-Mittelstadt,BUF,line,15,1305,2,2,4,2,3,4,1,2,4
2022,Dahlin-Lyubushkin,BUF,pairing,43,3324,5,5,10,14,10,5,2,7,14
2022,Holden-Brannstrom,OTT,pairing,40,20304,10,26,64,221,45,53,13,36,89
2022,Mikkola-Schneider,NYR,pairing,16,6867,6,10,20,64,13,28,4,5,10
2022,Boeser-Pettersson-Mikheyev,VAN,line,14,3871,4,2,7,20,6,8,4,1,5
2022,Makar-Johnson,COL,pairing,29,1711,2,2,4,7,5,5,1,1,2
2022,Saad-O'Reilly-Acciari,STL,line,11,765,0,0,0,5,2,0,0,1,2
2022,Hunt-Makar,COL,pairing,20,1133,2,2,4,5,2,3,0,2,4
2022,Englund-Hunt,COL,pairing,27,7438,2,6,15,56,20,13,3,6,15
2022,Stanley-Pionk,WPG,pairing,12,1157,0,0,0,16,6,5,2,1,2
2022,Di Giuseppe-Miller-Boeser,VAN,line,11,5741,4,8,14,62,9,7,4,2,4
2022,Fleury-Bogosian,TBL,pairing,11,4543,0,7,14,52,9,14,6,2,4
2022,Tanev-Gourde-Donato,SEA,line,33,2503,2,2,7,33,4,6,1,3,9
2022,Tatar-Hischier-Bratt,NJD,line,25,8269,9,5,10,23,15,12,2,5,10
2022,Panarin-Trocheck-Tarasenko,NYR,line,15,2822,2,4,11,13,8,13,2,3,9
2022,Lucic-Lewis-Ritchie,CGY,line,14,3797,2,4,8,51,12,8,2,1,2
2022,Heinen-Crosby-Guentzel,PIT,line,19,845,1,0,0,9,2,2,1,0,0
2022,Fischer-Boyd-Keller,ARI,line,18,696,1,0,0,4,2,3,3,0,0
2022,Andersson-Weegar,CGY,pairing,55,13192,12,11,24,93,31,31,7,11,22
2022,Bellemare-Colton-Maroon,TBL,line,11,1060,0,1,2,12,0,2,1,1,2
2022,Boldy-Hartman-Gaudreau,MIN,line,14,5642,3,8,19,29,13,9,6,7,17
2022,Podkolzin-Miller-Garland,VAN,line,11,3305,1,3,6,28,7,8,3,3,6
2022,Kubalik-Larkin-Raymond,DET,line,22,5256,2,3,6,36,9,13,5,4,8
2022,Barbashev-Schenn-Kyrou,STL,line,22,4212,4,3,6,28,10,9,0,4,8
2022,De Haan-Burns,CAR,pairing,18,698,0,0,0,1,2,1,0,1,2
2022,Lee-Horvat-Palmieri,NYI,line,11,878,1,0,0,8,1,1,0,2,4
2022,Robertson-Pavelski-Faksa,DAL,line,33,1238,1,3,6,7,2,6,0,1,2
2022,Gaudreau-Roslovic-Laine,CBJ,line,26,5514,5,6,12,27,17,18,5,10,18
2022,Vesey-Goodrow-Lafrenire,NYR,line,10,771,0,1,2,8,1,3,0,0,0
2022,Miller-Horvat-Mikheyev,VAN,line,13,1118,2,0,0,9,1,3,0,0,0
2022,Khaira-Dickinson-Blackwell,CHI,line,10,4227,2,4,11,29,14,16,4,6,15
2022,Fehervary-Van Riemsdyk,WSH,pairing,44,4878,3,1,2,41,9,10,5,3,6
2022,Cotter-Eichel-Kessel,VGK,line,19,644,0,0,0,9,3,1,2,0,0
2022,Lindell-Miller,DAL,pairing,43,4805,4,3,6,24,8,13,1,2,4
2022,Stephenson-Howden-Stone,VGK,line,10,3991,3,3,6,19,8,7,1,3,4
2022,Graves-Hamilton,NJD,pairing,53,3482,3,1,2,16,8,11,4,6,12
2022,Sttzle-Tkachuk-Joseph,OTT,line,17,4289,7,9,24,40,11,19,3,6,18
2022,Panarin-Trocheck-Kakko,NYR,line,28,1416,0,1,2,14,5,2,1,1,2
2022,Krug-Bortuzzo,STL,pairing,21,3035,1,3,6,32,8,7,2,1,2
2022,Mayo-Stecher,ARI,pairing,11,945,0,0,0,10,2,1,2,3,6
2022,Chatfield-Coghlan,CAR,pairing,12,5222,2,8,16,36,15,7,5,4,8
2022,Crouse-Boyd-Maccelli,ARI,line,17,661,1,1,2,3,2,2,1,0,0
2022,Olofsson-Jost-Mittelstadt,BUF,line,29,13136,11,6,12,40,19,22,15,9,18
2022,Armia-Evans-Dadonov,MTL,line,13,2768,3,3,9,26,3,11,2,2,7
2022,Van Riemsdyk-Frost-Tippett,PHI,line,33,15310,16,11,22,109,31,41,16,9,18
2022,Dumoulin-Petry,PIT,pairing,48,11508,9,12,22,166,22,28,12,6,14
2022,Rosen-Tucker,STL,pairing,15,8311,6,13,38,72,24,11,5,14,40
2022,Skjei-Pesce,CAR,pairing,67,65019,46,71,149,305,176,158,37,75,159
2022,Bouchard-Desharnais,EDM,pairing,15,1101,0,0,0,5,1,7,0,1,2
2022,Rodrigues-Cogliano-O'Connor,COL,line,13,623,0,0,0,4,2,1,1,0,0
2022,Schwartz-Wennberg-Bjorkstrand,SEA,line,29,10690,6,11,22,52,23,13,6,9,18
2022,Peterka-Cozens-Quinn,BUF,line,41,19568,15,28,59,80,47,40,20,20,43
2022,Boqvist-Haula-Mercer,NJD,line,11,779,2,0,0,3,0,4,0,2,4
2022,Hall-Coyle-Pastrnak,BOS,line,26,1105,0,1,2,6,0,2,2,1,2
2022,Barbashev-Schenn-Acciari,STL,line,11,3403,3,3,9,32,4,10,1,3,9
2022,Zboril-Carlo,BOS,pairing,11,2540,1,6,15,23,9,3,1,1,5
2022,Power-Fitzgerald,BUF,pairing,16,1598,3,2,4,6,5,7,0,2,4
2022,Kostin-Shore-Ryan,EDM,line,19,6317,4,5,13,59,11,13,2,7,17
2022,Lucchini-Kelly-Gambrell,OTT,line,10,4225,0,7,20,60,7,6,1,9,27
2022,Byram-Hunt,COL,pairing,16,1306,1,2,4,7,2,1,2,1,2
2022,Trenin-Johansen-Duchene,NSH,line,13,2728,2,4,8,16,1,7,1,0,0
2022,Kulak-Desharnais,EDM,pairing,25,8548,8,16,38,58,22,19,7,10,26
2022,Vesey-Trocheck-Panarin,NYR,line,29,4912,7,5,10,41,11,18,3,2,4
2022,Johnson-Sillinger-Marchenko,CBJ,line,16,4582,2,7,14,21,9,14,2,5,10
2022,Keller-Mcbain-Kassian,ARI,line,14,941,0,2,7,11,3,5,1,2,7
2022,Dumoulin-Pettersson,PIT,pairing,44,2498,6,1,2,17,3,7,3,2,4
2022,Walman-Oesterle,DET,pairing,23,9277,7,8,16,58,13,14,2,10,20
2022,Necas-Aho-Jarvis,CAR,line,11,4540,5,4,8,23,15,6,0,3,6
2022,Parise-Pageau-Palmieri,NYI,line,24,6402,6,4,8,67,7,22,3,3,6
2022,Comtois-Strome-Zegras,ANA,line,20,4536,6,5,16,21,5,12,4,8,22
2022,Wolanin-Myers,VAN,pairing,11,2128,1,3,6,15,3,4,1,1,2
2022,Power-Clague,BUF,pairing,25,10148,6,7,14,47,20,18,9,10,20
2022,Gavrikov-Bjork,CBJ,pairing,26,15450,11,17,34,112,32,31,9,13,26
2022,Lee-Nelson-Palmieri,NYI,line,30,6968,8,7,17,47,14,25,3,12,27
2022,Lindblom-Lorentz-Nieto,SJS,line,13,2234,3,3,6,18,4,2,2,0,0
2022,Martin-Cizikas-Fasching,NYI,line,29,9207,5,8,19,114,12,17,6,3,9
2022,Suter-Hanley,DAL,pairing,17,5957,6,2,4,33,12,15,2,3,6
2022,Tuch-Thompson-Peterka,BUF,line,28,1239,1,0,0,3,3,4,2,0,0
2022,Mccabe-Jones,CHI,pairing,35,10383,10,13,28,87,24,28,10,12,24
2022,Duchene-Glass-Niederreiter,NSH,line,19,1775,3,0,0,10,5,3,2,1,2
2022,Zegras-Strome-Vatrano,ANA,line,22,4291,2,6,12,29,3,11,8,5,10
2022,Tanev-Gourde-Geekie,SEA,line,19,1305,2,2,4,8,1,3,0,0,0
2022,Gavrikov-Bean,CBJ,pairing,11,754,1,0,0,4,0,1,1,0,0
2022,Nosek-Frederic-Smith,BOS,line,10,969,1,0,0,5,1,1,0,0,0
2022,Boqvist-Mcleod-Bastian,NJD,line,10,776,0,0,0,6,0,1,0,1,2
2022,Tavares-Matthews-Nylander,TOR,line,18,837,1,0,0,6,3,2,1,0,0
2022,Guhle-Harris,MTL,pairing,25,1761,1,0,0,2,1,6,1,1,2
2022,Kuzmenko-Pettersson-Beauvillier,VAN,line,19,10980,11,13,32,61,25,23,9,12,30
2022,Duhaime-Dewar-Reaves,MIN,line,11,3896,2,10,20,56,5,9,1,5,13
2022,Farabee-Laughton-Allison,PHI,line,13,2360,1,4,11,32,3,10,0,3,9
2022,Martinook-Kotkaniemi-Fast,CAR,line,28,1339,1,1,2,9,3,4,0,0,0
2022,Gavrikov-Blankenburg,CBJ,pairing,12,1545,0,0,0,15,2,3,2,3,6
2022,Clague-Lyubushkin,BUF,pairing,15,4585,2,3,6,30,7,16,5,7,14
2022,Guentzel-Crosby-Kapanen,PIT,line,16,760,1,1,2,9,1,4,1,2,4
2022,Samuelsson-Clague,BUF,pairing,13,3098,3,3,6,24,4,5,2,2,4
2022,Kiviranta-Glendening-Dellandrea,DAL,line,21,1528,0,2,4,8,2,4,1,2,4
2022,Skinner-Thompson-Tuch,BUF,line,55,32910,40,37,77,126,77,78,29,38,76
2022,Forsling-Gudas,FLA,pairing,59,7104,5,15,33,60,12,16,4,10,23
2022,Goligoski-Addison,MIN,pairing,15,2296,0,2,4,17,4,2,5,6,12
2022,Coleman-Backlund-Lewis,CGY,line,20,5396,3,10,18,56,17,17,5,6,12
2022,Soucy-Larsson,SEA,pairing,49,2600,2,4,8,14,4,2,0,2,4
2022,Mcnabb-Korczak,VGK,pairing,10,8725,7,4,8,96,23,15,9,3,6
2022,Heinen-Malkin-Zucker,PIT,line,17,1018,1,2,4,12,2,2,2,0,0
2022,Mccann-Wennberg-Burakovsky,SEA,line,12,649,1,0,0,7,2,2,0,0,0
2022,Connor-Scheifele-Appleton,WPG,line,20,9387,6,9,21,61,17,24,9,13,29
2022,Hagel-Paul-Killorn,TBL,line,26,1894,2,2,4,14,6,7,1,6,12
2022,Wood-Mcleod-Boqvist,NJD,line,14,1943,2,3,6,16,7,4,2,3,6
2022,Beauvillier-Pageau-Parise,NYI,line,16,1304,1,0,0,14,4,2,1,1,2
2022,Hronek-Lindstrom,DET,pairing,19,705,1,3,6,9,0,2,1,4,8
2022,Iafallo-Lizotte-Vilardi,LAK,line,17,7848,8,8,16,38,13,8,1,12,24
2022,Lehkonen-Mackinnon-O'Connor,COL,line,20,642,1,4,8,8,5,1,0,2,4
2022,Tinordi-Murphy,CHI,pairing,36,27323,11,26,53,262,65,76,16,32,67
2022,Girard-Johnson,COL,pairing,42,19102,9,20,42,116,36,27,12,13,26
2022,Dach-Suzuki-Caufield,MTL,line,33,21637,22,24,48,98,39,74,23,18,38
2022,Hyman-Draisaitl-Mcdavid,EDM,line,47,17601,27,16,32,95,49,66,14,25,48
2022,Greenway-Eriksson Ek-Foligno,MIN,line,27,13493,7,17,42,137,27,25,9,19,44
2022,Ritchie-Boyd-Fischer,ARI,line,34,10610,6,13,32,103,19,24,11,5,13
2022,Hoffman-Suzuki-Caufield,MTL,line,10,877,1,2,7,2,2,2,0,2,7
2022,Mcginn-Carter-Kapanen,PIT,line,24,9801,6,12,24,92,18,27,8,8,16
2022,Schmidt-Stanley,WPG,pairing,17,7897,4,9,23,60,18,26,3,4,11
2022,Hagel-Point-Kucherov,TBL,line,66,35161,36,44,94,155,110,111,29,40,89
2022,Ekholm-Lauzon,NSH,pairing,29,8020,1,9,18,88,14,18,8,8,16
2022,Chychrun-Stecher,ARI,pairing,17,758,0,0,0,1,2,3,0,2,4
2022,Pelletier-Kadri-Huberdeau,CGY,line,17,9158,5,5,13,52,20,27,7,14,31
2022,Laughton-Frost-Tippett,PHI,line,11,1445,0,2,4,6,2,3,2,1,2
2022,Toews-Macdonald,COL,pairing,12,867,0,0,0,7,3,3,1,1,2
2022,Tkachuk-Bennett-Verhaeghe,FLA,line,48,19037,22,24,50,121,40,50,12,23,46
2022,Smith-Okhotiuk,NJD,pairing,10,4237,1,6,13,49,6,16,2,4,11
2022,Heiskanen-Hakanp,DAL,pairing,58,4058,3,6,15,26,11,15,3,6,15
2022,Palat-Hughes-Bratt,NJD,line,20,2006,3,0,0,9,5,6,4,1,2
2022,Svechnikov-Sturm-Bonino,SJS,line,14,3797,3,2,4,32,11,9,3,2,4
2022,Mccann-Wennberg-Eberle,SEA,line,20,2010,2,1,2,15,3,3,1,1,2
2022,Smith-Hamilton,NJD,pairing,39,5084,2,4,8,19,8,14,5,3,6
2022,Edmundson-Barron,MTL,pairing,13,6132,8,5,10,58,9,22,10,6,12
2022,Eichel-Stephenson-Stone,VGK,line,25,15223,18,8,16,81,43,45,7,14,26
2022,Mayfield-Dobson,NYI,pairing,36,2694,3,0,0,25,6,5,0,2,4
2022,Comtois-Mctavish-Leason,ANA,line,16,3444,0,8,22,24,4,19,4,6,18
2022,Huberdeau-Backlund-Coleman,CGY,line,12,5583,4,7,17,42,13,7,3,3,9
2022,Lindholm-Clifton,BOS,pairing,62,15595,17,17,40,119,29,44,3,38,84
2022,Zadorov-Weegar,CGY,pairing,43,19737,12,32,67,176,39,44,10,23,49
2022,Sanderson-Brannstrom,OTT,pairing,37,1511,3,1,2,12,4,4,0,2,4
2022,Marino-Severson,NJD,pairing,43,3504,2,3,6,22,7,6,3,5,10
2022,Klingberg-Shattenkirk,ANA,pairing,22,755,0,1,2,1,1,1,1,0,0
2022,Tucker-Parayko,STL,pairing,16,1806,2,0,0,15,4,5,3,1,2
2022,Megna-Vlasic,SJS,pairing,34,1857,1,3,6,16,5,2,3,4,8
2022,Schneider-Fox,NYR,pairing,50,3254,2,5,16,21,10,11,1,6,21
2022,Bertuzzi-Copp-Raymond,DET,line,11,2845,3,0,0,11,5,5,2,1,2
2022,Burakovsky-Wennberg-Bjorkstrand,SEA,line,13,7625,5,7,14,39,28,10,3,4,8
2022,Mikkola-Faulk,STL,pairing,43,8005,6,8,16,68,18,29,7,8,16
2022,Gostisbehere-Nemeth,ARI,pairing,22,784,1,1,2,8,3,1,1,1,4
2022,Donato-Geekie-Sprong,SEA,line,24,5570,5,2,7,54,18,16,5,2,7
2022,Fowler-Benoit,ANA,pairing,29,5284,1,9,18,30,8,12,5,9,18
2022,Montour-Gudas,FLA,pairing,28,1509,3,2,4,10,1,6,0,6,12
2022,Peeke-Boqvist,CBJ,pairing,21,2501,0,2,4,13,4,5,4,1,2
2022,Mangiapane-Backlund-Coleman,CGY,line,46,23890,21,21,44,158,53,58,8,23,46
2022,Joshua-Aman-Podkolzin,VAN,line,12,1239,0,3,9,13,1,2,1,2,7
2022,Samberg-Demelo,WPG,pairing,40,9835,5,7,14,67,21,22,3,12,24
2022,Lafrenire-Trocheck-Panarin,NYR,line,18,9346,7,11,22,74,23,35,10,6,12
2022,Samuelsson-Jokiharju,BUF,pairing,34,2786,1,2,4,12,3,4,4,3,6
2022,Hagel-Cirelli-Killorn,TBL,line,31,8966,10,14,31,62,31,22,4,16,35
2022,Krug-Parayko,STL,pairing,40,4812,4,5,16,29,11,10,5,8,22
2022,Ovechkin-Kuznetsov-Wilson,WSH,line,13,5550,5,8,19,46,9,16,8,2,7
2022,Provorov-Deangelo,PHI,pairing,59,24843,18,27,63,224,28,58,20,29,67
2022,Theodore-Hague,VGK,pairing,38,2913,2,4,13,24,8,7,5,1,5
2022,Compher-Mackinnon-Rantanen,COL,line,30,2593,5,4,8,8,5,9,1,3,6
2022,Berni-Peeke,CBJ,pairing,37,5379,3,7,14,57,11,15,4,2,4
2022,Gustafsson-Van Riemsdyk,WSH,pairing,56,28544,25,25,56,196,62,87,17,26,58
2022,Brodie-Timmins,TOR,pairing,14,9369,10,5,10,41,21,24,7,8,16
2022,Hagel-Stamkos-Kucherov,TBL,line,16,971,0,1,2,5,4,5,1,2,4
2022,Peeke-Bjork,CBJ,pairing,20,2053,0,1,2,23,2,2,2,2,4
2022,Pettersson-Rutta,PIT,pairing,42,9881,7,3,6,80,35,20,9,6,12
2022,Hughes-Stillman,VAN,pairing,20,1240,0,1,2,6,4,2,2,2,4
2022,Milano-Kuznetsov-Oshie,WSH,line,16,5354,3,10,23,32,18,12,6,6,15
2022,Caufield-Suzuki-Anderson,MTL,line,19,3797,6,3,6,27,8,16,6,2,4
2022,Jarvis-Kotkaniemi-Svechnikov,CAR,line,19,2888,1,5,10,17,6,3,2,5,10
2022,Boldy-Gaudreau-Greenway,MIN,line,15,2017,2,2,4,12,5,2,1,1,2
2022,Verhaeghe-Luostarinen-Reinhart,FLA,line,11,1472,3,0,0,7,8,3,0,1,2
2022,Katchouk-Khaira-Anderson,CHI,line,12,5734,6,6,13,69,16,17,3,12,27
2022,Graves-Marino,NJD,pairing,53,42070,25,32,67,202,89,101,19,36,75
2022,Lucic-Rooney-Ritchie,CGY,line,12,4879,3,12,27,59,9,14,4,13,29
2022,Gavrikov-Berni,CBJ,pairing,19,1219,0,0,0,9,1,2,2,2,4
2022,Lee-Nelson-Holmstrom,NYI,line,10,1983,0,2,4,10,7,6,2,2,4
2022,Marner-Matthews-Nylander,TOR,line,32,1759,2,2,4,7,5,6,0,1,2
2022,Kaprizov-Boldy-Zuccarello,MIN,line,43,4636,1,8,19,19,9,13,2,8,16
2022,Walman-Seider,DET,pairing,44,27490,19,34,68,167,41,50,14,29,60
2022,Barbashev-Eichel-Marchessault,VGK,line,11,7669,8,6,15,54,17,27,5,6,15
2022,Lemieux-Lizotte-Kaliyev,LAK,line,12,3114,4,11,25,30,5,6,3,9,21
2022,Gadjovich-Lorentz-Svechnikov,SJS,line,12,1701,0,4,11,31,7,2,0,4,11
2022,Parise-Barzal-Wahlstrom,NYI,line,16,2148,1,3,6,14,7,2,1,2,4
2022,Deslauriers-Brown-Macewen,PHI,line,20,7833,2,13,32,149,12,12,7,10,26
2022,Harpur-Trouba,NYR,pairing,19,2940,1,3,6,20,11,5,1,2,4
2022,Sergachev-Cernak,TBL,pairing,57,11301,7,14,28,83,25,26,8,22,44
2022,Staal-Gudas,FLA,pairing,55,4315,1,12,24,42,6,4,4,10,22
2022,Erne-Rasmussen-Sundqvist,DET,line,10,3416,2,3,6,40,3,4,4,2,4
2022,Smith-Marino,NJD,pairing,21,2500,1,1,2,11,5,6,2,4,8
2022,Tanev-Beniers-Eberle,SEA,line,25,788,0,2,4,10,3,0,0,2,4
2022,Mcdavid-Draisaitl-Yamamoto,EDM,line,12,1794,1,3,9,6,2,4,1,1,5
2022,Necas-Aho-Svechnikov,CAR,line,25,2565,4,4,8,15,5,5,3,2,4
2022,Barzal-Cizikas-Bailey,NYI,line,11,2397,3,1,2,19,8,6,0,1,2
2022,Carrier-Howden-Kolesar,VGK,line,13,2433,3,2,4,33,8,3,1,1,2
2022,Lauzon-Josi,NSH,pairing,44,3613,2,6,15,38,7,4,3,4,11
2022,Larsson-Borgen,SEA,pairing,48,2274,1,3,6,16,8,2,2,4,8
2022,Malgin-Newhook-Rodrigues,COL,line,12,2388,1,2,4,18,10,3,1,3,6
2022,De Haan-Chatfield,CAR,pairing,49,29195,25,41,85,215,67,64,17,25,51
2022,Dries-Boeser-Garland,VAN,line,19,3233,2,6,17,26,7,5,1,3,9
2022,Cogliano-Meyers-O'Connor,COL,line,19,3897,1,9,24,27,9,6,6,3,12
2022,Engvall-Kampf-Kerfoot,TOR,line,29,8928,5,12,29,38,17,21,4,6,12
2022,Hedman-Foote,TBL,pairing,21,5510,3,6,12,34,16,13,2,10,22
2022,Dunn-Larsson,SEA,pairing,69,70231,71,64,140,471,208,160,53,64,146
2022,Myers-Burroughs,VAN,pairing,24,6315,3,10,25,45,13,8,4,7,17
2022,Forbort-Mcavoy,BOS,pairing,41,4348,5,3,8,33,7,15,3,4,8
2022,Milano-Strome-Sheary,WSH,line,17,774,0,1,2,4,1,0,2,0,0
2022,Kane-Mcdavid-Draisaitl,EDM,line,21,3488,1,8,16,35,9,14,3,7,14
2022,Ruzicka-Backlund-Coleman,CGY,line,14,4854,4,6,12,34,14,19,2,8,16
2022,Kiviranta-Johnston-Dellandrea,DAL,line,11,728,0,1,2,8,2,1,1,0,0
2022,Moser-Valimaki,ARI,pairing,61,18149,13,35,70,128,27,45,15,19,38
2022,Dunn-Oleksiak,SEA,pairing,39,2160,3,3,6,12,9,0,0,3,6
2022,Hyman-Nugent-Hopkins-Yamamoto,EDM,line,10,683,1,0,0,3,4,2,1,1,2
2022,Jonsson-Fjallby-Lowry-Maenalanen,WPG,line,17,4473,1,6,15,48,6,13,1,4,11
2022,Kane-Mcdavid-Puljujarvi,EDM,line,13,751,0,1,2,12,1,5,2,0,0
2022,Deslauriers-Frost-Tippett,PHI,line,12,809,0,1,2,11,0,4,1,1,2
2022,Svechnikov-Kotkaniemi-Noesen,CAR,line,11,2116,0,5,13,12,6,7,0,2,4
2022,Mccabe-Murphy,CHI,pairing,44,4410,5,7,17,27,7,12,1,5,13
2022,Matheson-Edmundson,MTL,pairing,19,2319,1,4,10,13,5,14,5,2,4
2022,Kurashev-Toews-Raddysh,CHI,line,33,17808,9,12,29,88,46,48,18,14,31
2022,Chychrun-Moser,ARI,pairing,17,742,0,1,5,4,1,0,0,0,0
2022,Foudy-Kuraly-Olivier,CBJ,line,17,6429,2,10,23,81,10,6,8,2,7
2022,Kiviranta-Glendening-Faksa,DAL,line,31,11401,4,21,52,110,10,20,7,13,32
2022,Lindholm-Grzelcyk,BOS,pairing,20,3550,4,4,8,23,5,8,2,4,8
2022,Miller-Trouba,NYR,pairing,67,56887,42,54,114,528,134,193,51,53,112
2022,Bunting-Tavares-Marner,TOR,line,27,4831,5,7,14,35,15,28,0,4,8
2022,Barron-Stenlund-Kuhlman,WPG,line,15,2147,1,2,4,13,7,8,1,0,0
2022,Ferraro-Macdonald,SJS,pairing,12,6538,3,9,21,48,19,13,6,7,17
2022,Forsling-Mahura,FLA,pairing,26,2467,1,2,4,10,1,8,0,3,6
2022,Kreider-Goodrow-Zibanejad,NYR,line,19,881,0,0,0,9,0,8,1,0,0
2022,Gustafsson-Alexeyev,WSH,pairing,10,685,2,1,2,3,2,4,0,0,0
2022,Joshua-Aman-Garland,VAN,line,18,5372,3,8,19,44,4,12,3,4,11
2022,Tkachuk-Giroux-Pinto,OTT,line,23,1101,2,0,0,14,1,3,0,1,2
2022,Maatta-Chiarot,DET,pairing,52,9951,0,9,18,60,12,22,10,11,22
2022,Farabee-Frost-Konecny,PHI,line,23,1387,3,0,0,8,0,1,2,6,12
2022,Toews-Hunt,COL,pairing,31,1958,1,1,2,7,6,3,1,1,2
2022,Doughty-Durzi,LAK,pairing,41,2161,3,3,6,7,3,5,2,8,19
2022,Dillon-Demelo,WPG,pairing,59,9614,6,10,23,81,26,20,6,13,29
2022,Skjei-Chatfield,CAR,pairing,27,853,1,1,2,1,7,6,0,1,2
2022,Lee-Nelson-Fasching,NYI,line,10,1503,1,3,6,5,6,4,1,1,2
2022,Guenther-Boyd-Keller,ARI,line,13,1791,0,6,15,13,5,8,1,4,11
2022,Sheary-Strome-Oshie,WSH,line,10,1376,1,0,0,16,3,8,3,0,0
2022,Chychrun-Nemeth,ARI,pairing,15,822,0,0,0,9,2,1,0,0,0
2022,Pelech-Aho,NYI,pairing,24,1025,2,1,2,5,2,2,0,0,0
2022,Oesterle-Seider,DET,pairing,25,1626,0,1,2,8,2,5,1,3,6
2022,Gravel-Josi,NSH,pairing,12,635,0,0,0,4,1,1,0,0,0
2022,Frederic-Coyle-Smith,BOS,line,19,2619,2,7,17,19,4,7,1,6,15
2022,Zadorov-Stone,CGY,pairing,43,23381,20,38,89,204,53,55,17,30,69
2022,Fiala-Danault-Arvidsson,LAK,line,29,6411,6,6,12,34,5,14,5,4,11
2022,Grzelcyk-Carlo,BOS,pairing,54,11651,12,15,45,91,27,27,4,15,47
2022,Hyman-Draisaitl-Nugent-Hopkins,EDM,line,36,4682,4,6,12,25,19,19,3,5,10
2022,Mcnabb-Martinez,VGK,pairing,36,1499,2,0,0,8,5,2,1,1,2
2022,Holl-Timmins,TOR,pairing,13,857,0,0,0,6,2,2,0,0,0
2022,Namestnikov-Colton-Perry,TBL,line,16,5511,6,7,26,67,17,12,7,10,32
2022,Athanasiou-Toews-Raddysh,CHI,line,10,1929,0,3,6,8,3,6,0,6,12
2022,Bertuzzi-Larkin-Perron,DET,line,13,2279,3,4,11,13,5,6,5,3,6
2022,Slavin-Burns,CAR,pairing,62,58340,44,62,127,302,163,151,33,53,108
2022,Hanifin-Stone,CGY,pairing,33,1827,1,0,0,7,4,3,1,2,4
2022,Vaakanainen-Shattenkirk,ANA,pairing,20,10672,2,8,19,67,24,32,9,11,25
2022,Zacha-Krejci-Smith,BOS,line,10,601,1,1,2,1,1,3,2,0,0
2022,Olofsson-Cozens-Peterka,BUF,line,16,3386,3,4,8,12,10,7,4,3,6
2022,Sttzle-Giroux-Debrincat,OTT,line,51,2344,2,3,6,13,3,8,2,4,8
2022,Farabee-Hayes-Konecny,PHI,line,16,5367,6,9,21,18,10,20,5,12,27
2022,Athanasiou-Dickinson-Lafferty,CHI,line,18,8681,6,14,31,77,26,16,8,10,23
2022,Protas-Dowd-Hathaway,WSH,line,29,11603,7,16,38,132,20,26,5,17,40
2022,Vatrano-Mctavish-Silfverberg,ANA,line,13,769,1,3,6,3,2,0,0,1,2
2022,Fiala-Lizotte-Kaliyev,LAK,line,13,856,0,4,11,5,1,0,1,1,5
2022,Harpur-Schneider,NYR,pairing,33,20909,10,11,25,165,50,64,10,27,57
2022,Hayes-Cates-Konecny,PHI,line,18,4883,1,8,16,36,10,8,2,7,16
2022,Laine-Sillinger-Johnson,CBJ,line,10,1346,0,0,0,8,3,5,2,2,4
2022,Pelech-Dobson,NYI,pairing,38,5032,2,8,16,35,7,13,2,3,6
2022,Johansson-Kuznetsov-Ovechkin,WSH,line,10,892,1,0,0,1,3,3,1,2,4
2022,Lucic-Lewis-Duehr,CGY,line,10,4292,4,2,7,55,4,5,4,1,5
2022,Lee-Barzal-Wahlstrom,NYI,line,18,2602,3,1,2,20,6,10,1,1,2
2022,Zucker-Malkin-Kapanen,PIT,line,23,994,0,0,0,8,8,4,0,0,0
2022,Jones-Tinordi,CHI,pairing,13,1457,0,3,9,12,1,4,2,1,5
2022,Xhekaj-Harris,MTL,pairing,34,3897,5,3,6,29,5,11,5,4,8
2022,Heiskanen-Suter,DAL,pairing,67,15295,11,14,28,59,32,39,9,9,18
2022,Greig-Giroux-Debrincat,OTT,line,11,6144,6,6,13,38,16,19,4,7,19
2022,Harrington-Karlsson,SJS,pairing,24,9450,9,9,21,77,29,21,8,5,13
2022,Parayko-Bortuzzo,STL,pairing,24,989,0,2,4,5,4,2,1,0,0
2022,Aston-Reese-Kampf-Malgin,TOR,line,14,5891,3,5,10,55,11,18,4,3,6
2022,Smith-Bahl,NJD,pairing,13,3965,1,6,15,23,7,13,2,4,11
2022,Reichel-Kurashev-Athanasiou,CHI,line,11,6571,4,6,12,42,16,21,4,3,6
2022,Middleton-Dumba,MIN,pairing,61,6259,0,12,27,47,14,16,3,8,19
2022,Moser-Nemeth,ARI,pairing,43,22186,6,26,61,198,39,61,8,18,45
2022,Buchnevich-Thomas-Barbashev,STL,line,12,1068,1,1,2,14,4,8,0,2,6
2022,Suter-Miller,DAL,pairing,49,13089,8,11,25,90,22,30,7,15,37
2022,Megna-Simek,SJS,pairing,16,1909,0,3,6,19,6,5,2,1,2
2022,Mcdonagh-Lauzon,NSH,pairing,40,8824,6,14,42,118,14,28,9,13,41
2022,Forsberg-Glass-Duchene,NSH,line,14,5364,8,4,11,37,14,24,3,2,7
2022,Terry-Strome-Vatrano,ANA,line,22,1976,3,1,2,12,2,4,1,3,6
2022,Forsling-Staal,FLA,pairing,26,2209,1,3,6,12,2,5,1,1,2
2022,Lundell-Luostarinen-White,FLA,line,15,4694,6,5,10,23,11,11,1,6,14
2022,Brisebois-Burroughs,VAN,pairing,13,1524,0,3,6,17,2,4,0,0,0
2022,Boqvist-Mcleod-Sharangovich,NJD,line,15,1048,0,1,2,10,2,3,0,0,0
2022,Anderson-Walker,LAK,pairing,28,1055,0,1,2,7,2,2,0,2,4
2022,Macdonald-Makar,COL,pairing,13,911,1,2,4,4,4,2,0,1,2
2022,Macdermid-Johnson,COL,pairing,16,2278,0,1,2,18,2,4,2,1,2
2022,Scandella-Faulk,STL,pairing,13,8417,9,10,20,71,24,18,5,4,8
2022,Schwartz-Wennberg-Eberle,SEA,line,28,916,1,3,6,7,5,1,1,1,2
2022,Perron-Copp-Rasmussen,DET,line,12,5024,7,9,21,34,7,9,0,11,25
2022,Connor-Scheifele-Gagner,WPG,line,23,4236,3,4,8,18,14,14,1,2,4
2022,Rosen-Bortuzzo,STL,pairing,14,3929,5,1,2,35,8,8,4,3,6
2022,Killorn-Stamkos-Namestnikov,TBL,line,10,1718,0,0,0,15,1,7,2,2,4
2022,Lundestrom-Grant-Silfverberg,ANA,line,12,1838,1,2,7,7,2,5,3,2,7
2022,Cousins-Lundell-Reinhart,FLA,line,16,2236,3,1,2,27,6,7,2,2,4
2022,Holloway-Ryan-Puljujarvi,EDM,line,13,1074,1,1,2,7,5,5,0,0,0
2022,Gavrikov-Peeke,CBJ,pairing,50,22813,12,19,44,174,48,36,21,21,48
2022,Kubalik-Copp-Perron,DET,line,21,6635,3,6,12,51,7,13,5,6,12
2022,Ovechkin-Kuznetsov-Oshie,WSH,line,19,962,0,6,15,11,2,7,1,1,5
2022,Fiala-Kopitar-Kaliyev,LAK,line,10,3992,4,4,8,20,6,19,2,2,4
2022,Foegele-Ryan-Shore,EDM,line,13,634,0,1,2,2,2,1,0,0,0
2022,Orlov-Irwin,WSH,pairing,16,829,0,4,11,5,0,4,1,4,11
2022,Harpur-Fox,NYR,pairing,25,2132,2,0,0,16,4,5,1,2,4
2022,Mikkola-Rosen,STL,pairing,20,5581,6,2,4,34,8,12,1,3,6
2022,Pelech-Romanov,NYI,pairing,23,1110,1,0,0,12,3,4,1,0,0
2022,Guentzel-Malkin-Rakell,PIT,line,30,1459,1,3,6,16,4,4,0,4,8
2022,Pettersson-Letang,PIT,pairing,48,24381,20,27,60,214,65,91,18,31,68
2022,Maccelli-Bjugstad-Crouse,ARI,line,32,18207,15,18,39,138,38,45,11,19,41
2022,Lafrenire-Chytil-Vesey,NYR,line,17,2975,3,3,6,22,3,6,2,4,8
2022,Johnson-Murphy,CHI,pairing,55,21451,11,22,56,173,61,51,18,26,66
2022,Mcdonagh-Fabbro,NSH,pairing,39,3487,1,2,7,27,7,9,4,3,9
2022,Mahura-Montour,FLA,pairing,57,7282,11,4,8,46,14,17,5,9,18
2022,Panarin-Zibanejad-Tarasenko,NYR,line,13,4850,8,3,6,35,10,28,3,5,10
2022,Tatar-Haula-Hughes,NJD,line,19,5212,3,4,8,25,11,19,3,3,6
2022,Perfetti-Scheifele-Wheeler,WPG,line,32,14267,15,13,32,78,27,29,5,12,30
2022,Guentzel-Crosby-Rakell,PIT,line,54,32703,26,32,64,226,74,98,20,33,71
2022,Donato-Gourde-Bjorkstrand,SEA,line,17,3194,3,9,18,26,10,5,2,5,10
2022,Brodie-Holl,TOR,pairing,41,10190,10,5,10,81,32,39,7,14,28
2022,Romanov-Dobson,NYI,pairing,56,24560,19,24,54,194,48,68,15,24,54
2022,Brassard-Giroux-Debrincat,OTT,line,10,2664,3,7,14,32,8,16,1,4,8
2022,Zucker-Carter-Rust,PIT,line,22,845,1,1,2,10,1,2,0,0,0
2022,Kurashev-Lafferty-Dickinson,CHI,line,13,3045,3,1,2,29,12,11,8,6,12
2022,Leddy-Mikkola,STL,pairing,39,5117,6,4,8,30,13,16,7,4,8
2022,Henrique-Zegras-Terry,ANA,line,42,18053,15,16,32,51,33,44,15,18,38
2022,Byram-Toews,COL,pairing,26,3480,2,2,4,13,6,6,3,2,4
2022,Frederic-Coyle-Zacha,BOS,line,24,5221,2,8,16,41,11,9,1,8,16
2022,Morrissey-Schmidt,WPG,pairing,52,6759,6,1,2,30,17,22,1,6,12
2022,Maroon-Bellemare-Namestnikov,TBL,line,12,606,0,0,0,4,0,1,0,1,2
2022,Fiala-Kopitar-Kempe,LAK,line,46,16604,14,22,44,110,23,52,15,15,30
2022,Goligoski-Dumba,MIN,pairing,29,19768,10,20,44,139,42,45,14,21,48
2022,Chiarot-Seider,DET,pairing,60,32364,24,31,62,250,40,66,32,36,72
2022,Gaudreau-Jenner-Nyquist,CBJ,line,20,10781,8,10,20,61,21,24,13,13,26
2022,Brannstrom-Zub,OTT,pairing,24,6746,2,6,12,75,17,17,2,8,16
2022,Janmark-Nugent-Hopkins-Puljujarvi,EDM,line,13,2888,2,6,14,18,6,6,3,3,6
2022,Hall-Coyle-Smith,BOS,line,14,2574,0,5,13,18,5,11,4,4,11
2022,Pinto-Giroux-Debrincat,OTT,line,43,5818,3,6,12,37,13,10,8,6,12
2022,Ferraro-Vlasic,SJS,pairing,53,5513,3,2,4,34,22,10,6,3,6
2022,Joseph-Letang,PIT,pairing,43,6910,3,12,24,53,13,22,3,8,16
2022,Mangiapane-Lindholm-Toffoli,CGY,line,16,2258,6,1,2,13,3,1,1,2,4
2022,Barron-Scheifele-Kuhlman,WPG,line,11,695,0,3,6,6,2,0,1,0,0
2022,Zacha-Krejci-Pastrnak,BOS,line,56,24567,32,23,50,144,45,76,14,12,22
2022,Hughes-Wolanin,VAN,pairing,10,704,1,0,0,1,2,1,0,1,2
2022,Perfetti-Dubois-Wheeler,WPG,line,21,9863,7,9,24,67,27,23,9,16,40
2022,Valimaki-Gostisbehere,ARI,pairing,28,5694,6,6,12,21,10,17,7,4,8
2022,Smith-Karlsson-Kessel,VGK,line,34,4958,3,6,12,23,21,11,4,4,8
2022,Girard-Makar,COL,pairing,44,8351,1,11,24,54,18,20,6,6,12
2022,Thomas-Schenn-Kyrou,STL,line,15,3436,4,5,13,17,14,10,4,5,13
2022,Bahl-Severson,NJD,pairing,26,12989,12,13,35,75,32,30,6,7,23
2022,Tatar-Hischier-Zetterlund,NJD,line,27,10192,9,9,18,40,25,27,3,12,24
2022,Berni-Boqvist,CBJ,pairing,23,1402,0,2,4,7,0,4,2,5,10
2022,Leivo-Acciari-Neighbours,STL,line,11,2747,2,5,19,28,8,8,5,8,25
2022,Lehkonen-Compher-Nichushkin,COL,line,15,1699,1,2,4,5,5,3,1,2,4
2022,Zucker-Carter-Kapanen,PIT,line,20,832,0,0,0,11,4,1,1,0,0
2022,Burakovsky-Wennberg-Schwartz,SEA,line,16,9519,5,11,22,61,22,22,12,9,18
2022,Johnson-Manson,COL,pairing,21,3813,3,4,8,28,2,6,0,4,8
2022,Lindblom-Lorentz-Gregor,SJS,line,21,1829,0,2,4,15,7,5,0,3,6
2022,Kiersted-Gudas,FLA,pairing,10,748,0,0,0,8,0,1,0,0,0
2022,Mcginn-Carter-Blueger,PIT,line,27,4628,0,3,9,34,10,8,4,7,15
2022,Killorn-Paul-Colton,TBL,line,21,973,0,2,4,9,4,3,1,2,4
2022,Cole-Fleury,TBL,pairing,15,2565,0,5,10,17,7,4,0,4,8
2022,Leddy-Rosen,STL,pairing,23,1352,3,0,0,7,3,3,0,1,2
2022,Ritchie-Hayton-Fischer,ARI,line,24,6204,2,9,21,66,6,17,4,9,21
2022,Tuch-Cozens-Peterka,BUF,line,19,3087,1,1,2,15,10,3,1,7,14
2022,Foegele-Mcdavid-Hyman,EDM,line,18,1389,1,0,0,5,2,8,0,3,6
2022,Motte-Brassard-Joseph,OTT,line,12,4044,2,5,10,37,7,12,1,6,12
2022,Staal-Kiersted,FLA,pairing,20,6402,7,6,14,43,13,14,4,6,12
2022,Chabot-Holden,OTT,pairing,41,5518,6,6,15,34,10,17,4,7,17
2022,Mikkola-Trouba,NYR,pairing,15,1797,2,2,4,10,3,4,0,0,0
2022,Olofsson-Mittelstadt-Asplund,BUF,line,11,3647,1,2,4,14,6,7,3,5,10
2022,Nugent-Hopkins-Mcdavid-Yamamoto,EDM,line,16,921,2,0,0,5,0,3,2,1,0
2022,Buchnevich-Schenn-Barbashev,STL,line,12,1195,2,1,2,10,2,3,1,2,4
2022,Kane-Draisaitl-Hyman,EDM,line,11,1629,1,1,2,12,2,5,3,0,0
2022,Wood-Mcleod-Bastian,NJD,line,38,16075,11,31,74,158,22,32,5,31,82
2022,Rielly-Sandin,TOR,pairing,35,2872,1,1,2,16,7,10,1,4,8
2022,Lindblom-Lorentz-Labanc,SJS,line,23,4292,1,5,12,39,14,9,6,3,6
2022,Fleury-Cernak,TBL,pairing,13,767,0,2,4,9,2,1,0,1,2
2022,Protas-Eller-Mantha,WSH,line,15,3089,3,3,9,33,6,6,3,3,9
2022,Debrincat-Kastelic-Batherson,OTT,line,13,736,0,1,2,8,0,1,0,0,0
2022,Smith-Sissons-Parssinen,NSH,line,15,4992,3,7,14,65,11,20,3,2,4
2022,Kaprizov-Eriksson Ek-Zuccarello,MIN,line,32,1504,0,0,0,9,2,3,1,0,0
2022,Girard-Hunt,COL,pairing,32,3300,3,3,6,12,10,3,1,3,6
2022,Robertson-Johnston-Dellandrea,DAL,line,27,1034,0,1,2,5,2,5,2,0,0
2022,Matheson-Harris,MTL,pairing,23,1927,1,2,4,10,4,6,3,3,6
2022,Ehlers-Dubois-Connor,WPG,line,13,5860,7,7,14,33,19,12,4,4,8
2022,Zetterlund-Mcleod-Wood,NJD,line,26,4274,2,6,15,35,8,14,3,3,9
2022,Brodie-Rielly,TOR,pairing,38,18426,12,17,37,128,51,54,11,22,45
2022,Erne-Suter-Rasmussen,DET,line,23,1808,1,3,9,15,2,2,1,3,9
2022,Hall-Krejci-Zacha,BOS,line,21,3359,3,3,9,19,7,6,4,3,9
2022,Xhekaj-Wideman,MTL,pairing,29,17583,10,39,95,139,32,59,10,20,49
2022,Connor-Dubois-Gagner,WPG,line,22,6739,6,5,10,26,11,19,5,8,14
2022,Lindgren-Fox,NYR,pairing,57,48943,39,42,93,302,107,137,22,56,121
2022,Foegele-Draisaitl-Yamamoto,EDM,line,11,2347,2,1,2,17,8,7,2,2,4
2022,Berni-Bayreuther,CBJ,pairing,21,1025,2,0,0,2,4,1,2,0,0
2022,Moser-Mayo,ARI,pairing,15,2889,2,6,18,24,5,8,4,6,18
2022,Zamula-Seeler,PHI,pairing,11,6918,3,6,21,84,8,16,5,12,33
2022,Theodore-Mcnabb,VGK,pairing,50,45781,37,41,96,363,124,89,22,51,109
2022,Makar-Manson,COL,pairing,16,1059,1,4,8,3,3,2,0,3,6
2022,Sanderson-Holden,OTT,pairing,31,2017,0,3,6,22,2,3,1,3,6
2022,Ferraro-Cicek,SJS,pairing,10,6176,1,8,19,63,12,14,6,4,11
2022,Watson-Kastelic-Motte,OTT,line,18,1377,0,0,0,16,2,3,1,1,2
2022,Severson-Hamilton,NJD,pairing,59,4863,3,4,8,27,7,15,3,4,8
2022,Debrincat-Sttzle-Batherson,OTT,line,36,1974,0,1,2,17,6,5,1,1,2
2022,Malgin-Tavares-Nylander,TOR,line,10,2047,1,3,6,16,7,6,0,1,2
2022,Neighbours-Acciari-Barbashev,STL,line,11,928,1,0,0,18,3,2,0,1,2
2022,Mikkola-Bortuzzo,STL,pairing,29,11407,7,21,45,106,22,23,4,16,35
2022,Barabanov-Couture-Nieto,SJS,line,32,17223,15,9,21,104,55,43,21,6,15
2022,Hall-Krejci-Debrusk,BOS,line,11,1593,2,3,6,8,5,4,0,0,0
2022,Sanheim-Seeler,PHI,pairing,53,2750,0,4,8,16,6,3,1,0,0
2022,Schmidt-Demelo,WPG,pairing,36,1919,0,1,2,8,6,6,1,0,0
2022,Joshua-Lazar-Aman,VAN,line,22,6856,5,7,20,93,17,12,4,12,30
2022,Soucy-Fleury,SEA,pairing,10,3345,3,4,8,23,14,6,2,6,12
2022,Stephenson-Eichel-Kessel,VGK,line,10,743,0,1,2,3,2,2,1,1,2
2022,Verhaeghe-Bennett-Lundell,FLA,line,13,722,0,1,2,4,1,0,0,0,0
2022,Guenther-Hayton-Keller,ARI,line,14,1595,1,0,0,7,3,3,0,0,0
2022,Dillon-Samberg,WPG,pairing,39,2942,0,2,7,28,5,13,1,2,7
2022,Salo-Pulock,NYI,pairing,10,3183,2,5,10,30,4,5,2,2,4
2022,Ritchie-Boyd-Keller,ARI,line,10,653,2,0,0,3,2,1,1,0,0
2022,Marchand-Bergeron-Pastrnak,BOS,line,53,9591,7,13,26,61,14,36,3,9,18
2022,Brodin-Spurgeon,MIN,pairing,47,5409,6,13,32,23,5,6,3,11,28
2022,Zegras-Strome-Terry,ANA,line,45,5856,4,8,14,18,12,10,5,10,20
2022,Roos-Murphy,CHI,pairing,12,3144,3,9,27,23,4,5,4,8,25
2022,Sanderson-Chabot,OTT,pairing,47,3217,4,6,12,14,5,3,2,4,8
2022,Barbashev-Schenn-Tarasenko,STL,line,11,2437,2,3,6,28,3,4,3,4,8
2022,Phillips-Jones,CHI,pairing,12,844,1,0,0,8,2,5,2,0,0
2022,Megna-Karlsson,SJS,pairing,47,40059,44,34,86,264,94,104,31,35,88
2022,Katchouk-Johnson-Entwistle,CHI,line,15,5980,4,8,21,95,13,24,5,4,13
2022,Hughes-Juulsen,VAN,pairing,11,7201,5,10,20,61,18,14,4,7,14
2022,Lee-Barzal-Palmieri,NYI,line,10,649,2,1,2,7,0,1,1,1,2
2022,Nemeth-Brown,ARI,pairing,25,1711,1,3,6,20,1,6,1,0,0
2022,Werenski-Gavrikov,CBJ,pairing,12,965,0,1,2,2,2,1,1,0,0
2022,Lomberg-Staal-Hornqvist,FLA,line,12,3414,2,6,15,35,5,4,2,8,22
2022,Debrusk-Bergeron-Marchand,BOS,line,42,20962,21,19,38,125,40,44,11,25,52
2022,Palat-Hughes-Mercer,NJD,line,12,752,1,2,4,3,0,3,1,2,4
2022,Lauzon-Carrier,NSH,pairing,24,2235,0,3,6,31,6,8,0,2,4
2022,Middleton-Merrill,MIN,pairing,19,981,0,3,9,6,1,3,1,3,9
2022,Barron-Lowry-Appleton,WPG,line,20,5482,1,3,8,54,12,17,2,4,8
2022,Murray-Barrie,EDM,pairing,12,2760,4,4,8,33,7,13,2,4,8
2022,Ekholm-Fabbro,NSH,pairing,43,9064,5,10,23,90,21,11,3,10,23
2022,Marchment-Johnston-Robertson,DAL,line,12,721,0,1,2,3,1,2,0,4,8
2022,Laine-Roslovic-Johnson,CBJ,line,13,5299,6,4,8,18,15,16,3,2,4
2022,Guhle-Kovacevic,MTL,pairing,25,1705,0,1,2,13,3,5,2,2,4
2022,Leddy-Faulk,STL,pairing,59,13010,11,12,26,88,22,37,12,14,28
2022,Lindgren-Trouba,NYR,pairing,29,1406,1,1,2,8,2,1,1,0,0
2022,Vaakanainen-Klingberg,ANA,pairing,17,2526,1,1,2,7,5,4,3,5,12
2022,Broberg-Bouchard,EDM,pairing,40,19912,19,19,44,127,62,73,18,18,42
2022,Harvey-Pinard-Suzuki-Ylonen,MTL,line,13,4669,2,2,7,20,10,22,6,2,4
2022,Dermott-Myers,VAN,pairing,10,1237,1,2,4,11,2,3,3,0,0
2022,Lafrenire-Goodrow-Chytil,NYR,line,13,1604,1,2,4,19,3,1,2,0,0
2022,Ekman-Larsson-Bear,VAN,pairing,38,13868,8,16,41,93,23,35,12,17,40
2022,Connor-Dubois-Wheeler,WPG,line,24,2338,0,1,2,14,4,6,2,3,6
2022,Miller-Schneider,NYR,pairing,53,6862,7,8,19,76,12,30,3,9,21
2022,Hyman-Mcdavid-Nugent-Hopkins,EDM,line,29,7676,12,6,12,32,27,21,8,4,8
2022,Forbort-Carlo,BOS,pairing,46,6403,3,4,8,46,10,11,3,6,12
2022,Wood-Mcleod-Mercer,NJD,line,20,2820,1,2,4,22,3,4,2,3,6
2022,Goligoski-Spurgeon,MIN,pairing,28,3733,4,8,18,19,6,6,4,4,8
2022,Gaudreau-Jenner-Johnson,CBJ,line,12,1814,2,1,2,6,3,4,1,2,4
2022,Tucker-Faulk,STL,pairing,21,3740,1,1,2,33,9,14,5,4,8
2022,Hayes-Laughton-Konecny,PHI,line,21,3118,3,5,10,19,9,8,4,2,4
2022,Sharangovich-Hughes-Mercer,NJD,line,19,3743,4,6,15,16,5,6,3,5,13
2022,White-Klingberg,ANA,pairing,15,3575,0,5,12,13,10,7,3,1,4
2022,Smith-Sissons-Trenin,NSH,line,20,7231,2,8,19,68,17,18,4,4,11
2022,Brodie-Sandin,TOR,pairing,25,1399,0,2,4,10,5,2,0,0,0
2022,Martin-Cizikas-Clutterbuck,NYI,line,37,14221,7,25,56,248,22,32,9,19,46
2022,Seeler-Ristolainen,PHI,pairing,43,17166,17,24,60,212,30,36,13,28,68
2022,Kunin-Hertl-Meier,SJS,line,17,2919,2,2,4,22,4,8,3,4,8
2022,Jeannot-Jankowski-Trenin,NSH,line,17,2538,2,2,7,37,5,6,0,2,7
2022,Tatar-Haula-Mercer,NJD,line,17,2073,1,0,0,11,3,6,1,1,2
2022,Kuzmenko-Pettersson-Miller,VAN,line,14,2083,3,2,4,7,2,5,4,1,2
2022,Phillips-Murphy,CHI,pairing,14,6530,3,3,6,36,19,13,8,8,16
2022,Martin-Cizikas-Bailey,NYI,line,17,637,1,1,2,9,2,1,0,3,6
2022,Sergachev-Bogosian,TBL,pairing,36,5414,5,6,15,51,16,16,3,9,24
2022,Steel-Dewar-Shaw,MIN,line,12,2199,1,1,2,16,4,4,1,3,6
2022,Benoit-White,ANA,pairing,17,4264,2,5,10,25,4,7,3,4,8
2022,Xhekaj-Savard,MTL,pairing,27,4700,1,6,15,42,4,19,7,11,25
2022,Greer-Coyle-Foligno,BOS,line,18,676,0,0,0,7,0,0,0,0,0
2022,Jarnkrok-Tavares-Marner,TOR,line,23,10568,9,9,18,67,29,30,8,12,24
2022,Miller-Lundkvist,DAL,pairing,35,2036,3,2,4,13,2,7,1,6,28
2022,Jeannot-Glass-Niederreiter,NSH,line,12,2338,1,4,10,33,6,6,2,2,4
2022,Faulk-Bortuzzo,STL,pairing,21,1107,1,0,0,9,4,1,0,1,2
2022,Fehervary-Jensen,WSH,pairing,53,28501,20,45,99,273,53,71,15,35,76
2022,Samuelsson-Bryson,BUF,pairing,20,1749,1,1,2,7,5,5,0,1,2
2022,Moser-Brown,ARI,pairing,53,10763,10,15,36,125,9,24,14,8,22
2022,Bjorkstrand-Gourde-Tolvanen,SEA,line,29,17005,19,11,22,122,55,25,14,16,34
2022,Blais-Carpenter-Gauthier,NYR,line,10,3398,3,2,4,53,7,14,2,7,14
2022,Gilbert-Weegar,CGY,pairing,16,994,1,1,2,5,0,0,0,2,4
2022,Dube-Kadri-Coleman,CGY,line,10,1384,0,0,0,6,3,3,1,0,0
2022,Zub-Hamonic,OTT,pairing,21,929,1,4,8,5,4,7,1,3,6
2022,Sheary-Kuznetsov-Ovechkin,WSH,line,31,7688,10,11,22,63,22,27,5,10,20
2022,Barron-Lowry-Harkins,WPG,line,11,5232,4,7,19,48,9,6,1,3,9
2022,Alexeyev-Fehervary,WSH,pairing,11,5756,2,3,6,47,12,17,5,9,18
2022,Pesce-Burns,CAR,pairing,38,1537,1,2,4,7,4,3,0,0,0
2022,Hajek-Fox,NYR,pairing,12,1450,1,2,4,15,4,3,0,4,8
2022,Crouse-Bjugstad-Guenther,ARI,line,11,6031,4,7,14,48,6,16,4,3,6
2022,Dumoulin-Letang,PIT,pairing,48,24933,15,21,42,198,55,65,22,26,52
2022,Athanasiou-Toews-Kane,CHI,line,14,2954,0,7,20,6,9,9,4,7,20
2022,Barabanov-Couture-Eyssimont,SJS,line,14,7497,10,9,21,50,22,17,7,9,21
2022,Tkachuk-Barkov-Verhaeghe,FLA,line,39,10653,16,7,14,40,32,30,6,14,28
2022,Comtois-Strome-Terry,ANA,line,13,2868,4,2,4,14,5,6,4,4,8
2022,Hyman-Mcdavid-Ryan,EDM,line,14,900,1,1,2,6,1,3,0,3,6
2022,Marchment-Seguin-Gurianov,DAL,line,19,6276,6,3,6,47,12,24,6,8,16
2022,Kulak-Ceci,EDM,pairing,52,6381,5,9,18,46,15,16,4,8,14
2022,Power-Lyubushkin,BUF,pairing,48,5213,3,3,6,18,15,7,1,4,8
2022,Foegele-Mcleod-Yamamoto,EDM,line,18,2719,1,4,8,29,7,12,1,2,4
2022,Barabanov-Hertl-Meier,SJS,line,43,6034,1,5,10,41,10,13,4,7,16
2022,Samuelsson-Power,BUF,pairing,38,6691,8,1,2,27,13,5,5,5,10
2022,Vlasic-Harrington,SJS,pairing,15,1956,1,3,6,13,6,4,0,2,4
2022,Laughton-Cates-Tippett,PHI,line,16,3274,1,3,6,20,6,10,1,2,4
2022,Kulak-Bouchard,EDM,pairing,50,12533,7,14,30,87,45,30,12,12,24
2022,Bayreuther-Gudbranson,CBJ,pairing,34,3559,1,3,6,27,6,6,1,3,6
2022,Graves-Siegenthaler,NJD,pairing,41,2322,8,2,4,10,7,5,2,3,6
2022,Benoit-Klingberg,ANA,pairing,43,17687,11,27,57,114,19,46,18,23,49
2022,Mcnabb-Hague,VGK,pairing,33,1724,0,2,4,13,2,2,1,1,2
2022,Slafkovsky-Evans-Armia,MTL,line,13,1375,0,5,13,6,4,6,2,1,2
2022,Cole-Foote,TBL,pairing,23,5133,4,15,42,41,12,12,3,11,37
2022,Cotter-Stephenson-Stone,VGK,line,10,3546,1,6,20,25,12,8,2,4,8
2022,Christiansen-Peeke,CBJ,pairing,14,4765,4,3,6,33,14,13,3,3,6
2022,Valimaki-Brown,ARI,pairing,50,10357,11,12,39,94,15,42,10,13,38
2022,Brown-Mayo,ARI,pairing,10,1048,0,4,8,9,2,7,2,1,2
2022,Palat-Haula-Bratt,NJD,line,12,1960,0,0,0,8,1,3,2,2,4
2022,Fowler-White,ANA,pairing,25,2734,1,7,17,15,2,5,2,6,15
2022,Gostisbehere-Mayo,ARI,pairing,12,1665,0,1,2,22,1,5,2,4,8
2022,Fabbri-Copp-Rasmussen,DET,line,11,3737,4,4,8,27,2,11,0,4,10
2022,Laughton-Hayes-Allison,PHI,line,30,9925,9,6,15,92,13,27,7,6,15
2022,Burroughs-Schenn,VAN,pairing,15,2105,0,0,0,30,6,2,3,1,2
2022,Lehkonen-Mackinnon-Rodrigues,COL,line,20,6872,8,4,11,30,14,11,1,10,23
2022,Granlund-Johansen-Duchene,NSH,line,13,2390,1,1,2,9,2,5,3,4,8
2022,Toews-Johnson,COL,pairing,44,8575,6,9,18,50,17,18,6,7,14
2022,Panarin-Trocheck-Kravtsov,NYR,line,16,7156,4,5,10,37,10,28,4,7,14
2022,Soucy-Schultz,SEA,pairing,44,17294,9,21,48,96,44,26,8,15,36
2022,Schenn-O'Reilly-Kyrou,STL,line,10,2382,2,2,4,15,6,10,5,1,2
2022,Forbort-Clifton,BOS,pairing,51,31407,21,42,108,291,55,86,20,39,102
2022,Sheary-Dowd-Hathaway,WSH,line,10,2369,2,2,4,37,7,9,3,3,6
2022,Comtois-Mctavish-Terry,ANA,line,13,614,0,0,0,3,1,2,1,0,0
2022,Nieto-Hertl-Labanc,SJS,line,13,2223,2,0,0,21,6,2,2,3,6
2022,Kulikov-Beaulieu,ANA,pairing,16,1528,0,3,6,13,1,3,3,2,4
2022,Foligno-Coyle-Frederic,BOS,line,31,4130,5,2,7,40,5,12,3,6,17
2022,Hyman-Mcdavid-Puljujarvi,EDM,line,13,4201,4,2,4,34,16,16,3,3,6
2022,Fowler-Klingberg,ANA,pairing,50,13049,8,10,20,36,30,32,10,9,18
2022,Rosen-Faulk,STL,pairing,34,7291,9,2,4,46,20,27,8,6,12
2022,Watson-Kastelic-Brassard,OTT,line,21,7790,4,11,31,100,12,22,8,13,37
2022,Chabot-Hamonic,OTT,pairing,58,5465,2,10,20,37,12,5,3,8,16
2022,Bogosian-Perbix,TBL,pairing,10,806,0,2,7,6,7,4,0,4,11
2022,Miller-Fox,NYR,pairing,52,5800,5,2,4,36,23,21,2,5,10
2022,York-Sanheim,PHI,pairing,32,4725,4,6,15,40,5,8,2,2,7
2022,Fowler-Kulikov,ANA,pairing,54,33565,18,40,87,138,51,71,27,28,71
2022,Debrincat-Pinto-Batherson,OTT,line,47,22324,12,24,48,147,42,61,21,27,58
2022,Kulikov-Shattenkirk,ANA,pairing,26,1784,4,2,4,12,3,5,2,1,2
2022,Motte-Pinto-Joseph,OTT,line,19,5796,5,4,8,70,9,18,4,8,16
2022,Chabot-Zaitsev,OTT,pairing,26,15419,12,26,58,144,22,50,12,28,64
2022,Doughty-Roy,LAK,pairing,28,1435,0,1,2,6,1,3,0,0,0
2022,Pavelski-Benn-Johnston,DAL,line,21,644,2,0,0,4,1,3,1,0,0
2022,Walker-Acciari-Toropchenko,STL,line,10,3480,0,3,6,42,4,2,0,1,2
2022,Strome-Vatrano-Silfverberg,ANA,line,24,4576,2,10,20,34,6,9,5,5,10
2022,Toews-Macdermid,COL,pairing,17,842,0,6,12,7,1,1,0,2,4
2022,Gadjovich-Sturm-Svechnikov,SJS,line,10,1931,3,3,6,17,2,7,3,2,6
2022,Farabee-Laughton-Konecny,PHI,line,19,758,0,0,0,7,2,1,2,0,0
2022,Lafrenire-Trocheck-Kakko,NYR,line,24,1216,1,0,0,13,6,7,0,0,0
2022,Kubalik-Copp-Raymond,DET,line,15,1019,1,2,4,13,1,4,6,2,4
2022,Parise-Pageau-Holmstrom,NYI,line,21,8579,5,12,24,50,21,19,6,7,14
2022,Deangelo-Ristolainen,PHI,pairing,39,1832,1,0,0,8,2,3,1,0,0
2022,Byram-Johnson,COL,pairing,12,1067,0,3,6,9,1,2,1,1,2
2022,Ovechkin-Strome-Oshie,WSH,line,24,2443,2,0,0,24,9,9,1,2,4
2022,Vlasic-Benning,SJS,pairing,66,41376,27,39,99,265,106,79,30,37,91
2022,Comtois-Strome-Vatrano,ANA,line,13,1016,0,4,8,13,2,5,1,1,2
2022,Harris-Edmundson,MTL,pairing,25,2816,2,3,9,17,5,8,5,3,6
2022,Petry-Ruhwedel,PIT,pairing,14,629,0,2,4,3,4,2,2,0,0
2022,Hagg-Lindstrom,DET,pairing,17,12642,7,22,45,103,19,38,14,11,23
2022,Fleury-Perbix,TBL,pairing,13,1215,1,4,14,3,5,4,2,2,10
2022,Panarin-Goodrow-Zibanejad,NYR,line,13,3556,3,4,9,16,6,10,1,4,11
2022,Kane-Draisaitl-Yamamoto,EDM,line,14,5265,6,3,6,39,21,20,4,8,16
2022,Beauvillier-Barzal-Bailey,NYI,line,17,717,0,0,0,3,2,3,0,1,2
2022,Burakovsky-Beniers-Mccann,SEA,line,12,2101,0,3,7,13,3,5,2,2,7
2022,Heiskanen-Hanley,DAL,pairing,11,1267,1,2,4,11,3,1,2,2,2
2022,Slafkovsky-Dvorak-Anderson,MTL,line,17,4345,2,5,15,35,6,10,5,5,10
2022,Jones-Strome-Vatrano,ANA,line,11,867,0,1,5,4,2,0,1,2,7
2022,Barrie-Bouchard,EDM,pairing,43,3084,0,3,9,20,10,11,1,5,11
2022,Sandin-Timmins,TOR,pairing,13,3820,5,5,10,36,10,8,3,2,4
2022,Hunt-Johnson,COL,pairing,22,2335,2,0,0,16,5,5,2,1,2
2022,Siegenthaler-Smith,NJD,pairing,41,3317,2,8,16,15,6,7,3,4,8
2022,Foegele-Mcleod-Janmark,EDM,line,13,3120,3,4,8,19,6,11,2,1,2
2022,Lauzon-Fabbro,NSH,pairing,46,18739,10,27,60,223,28,47,11,18,42
2022,Barbashev-Thomas-Kyrou,STL,line,18,3755,3,4,11,18,12,7,6,6,15
2022,Krug-Faulk,STL,pairing,51,30615,21,30,63,220,66,64,32,31,65
2022,Girard-Manson,COL,pairing,19,4819,5,11,22,46,9,5,2,3,6
2022,Vlasic-Karlsson,SJS,pairing,53,4488,6,3,6,26,11,18,6,3,6
2022,Ekman-Larsson-Myers,VAN,pairing,49,25015,16,25,53,165,46,52,27,30,67
2022,Karlsson-Benning,SJS,pairing,67,5814,5,6,15,22,13,17,4,6,15
2022,Cogliano-Newhook-O'Connor,COL,line,32,8786,10,16,38,65,16,11,2,9,24
2022,Byram-Girard,COL,pairing,31,12282,6,11,28,81,24,20,14,21,48
2022,Lemieux-Lizotte-Grundstrom,LAK,line,14,3503,2,5,10,53,4,8,3,6,14
2022,Newhook-Compher-O'Connor,COL,line,15,703,0,0,0,3,2,1,0,0,0
2022,Erne-Veleno-Suter,DET,line,15,2564,2,4,8,30,2,6,1,2,4
2022,Lee-Nelson-Barzal,NYI,line,18,1170,4,1,2,6,1,2,1,2,4
2022,Wotherspoon-Mayfield,NYI,pairing,11,1445,2,2,4,19,3,2,0,1,2
2022,Jones-Mctavish-Leason,ANA,line,18,7464,4,13,26,52,10,15,4,11,22
2022,Boqvist-Mercer-Sharangovich,NJD,line,22,6196,2,7,14,36,17,18,3,1,2
2022,Kreider-Trocheck-Kakko,NYR,line,22,1068,1,2,4,16,3,4,1,0,0
2022,Pitlick-Walker-Toropchenko,STL,line,15,4302,4,4,11,48,6,8,2,7,17
2022,Lehkonen-Mackinnon-Nichushkin,COL,line,16,7776,13,6,15,54,21,12,7,8,19
2022,Namestnikov-Bellemare-Perry,TBL,line,28,10984,10,12,33,81,32,24,6,9,29
2022,Paul-Point-Kucherov,TBL,line,20,718,1,2,4,1,1,3,1,1,2
2022,Fiala-Kopitar-Vilardi,LAK,line,22,933,2,1,2,10,2,1,0,2,7
2022,Dahlin-Clague,BUF,pairing,22,5060,4,5,10,8,8,8,3,5,10
2022,Sharangovich-Mcleod-Bastian,NJD,line,16,1202,1,3,6,12,0,1,2,2,4
2022,Svechnikov-Sturm-Gregor,SJS,line,20,5460,4,7,20,49,18,8,8,8,25
2022,Mittelstadt-Cozens-Quinn,BUF,line,10,905,2,2,4,7,3,3,3,0,0
2022,Morrissey-Samberg,WPG,pairing,37,1796,1,2,4,9,2,9,4,2,4
2022,Moser-Stecher,ARI,pairing,34,3333,2,5,13,15,8,3,3,1,5
2022,Kreider-Trocheck-Vesey,NYR,line,17,6222,4,3,6,50,12,16,3,6,12
2022,Fiala-Lizotte-Vilardi,LAK,line,15,4703,4,2,4,24,5,6,3,5,8
2022,Berni-Blankenburg,CBJ,pairing,17,1145,2,1,2,6,4,0,0,1,2
2022,Vesey-Goodrow-Motte,NYR,line,11,3989,3,4,8,36,14,11,2,4,11
2022,Jeannot-Novak-Trenin,NSH,line,17,6046,5,11,28,70,6,15,4,8,22
2022,Deslauriers-Cates-Macewen,PHI,line,17,1003,0,0,0,15,0,3,1,0,0
2022,Sanheim-Ristolainen,PHI,pairing,48,18693,10,20,46,169,38,40,8,17,38
2022,Lindholm-Mcavoy,BOS,pairing,52,14363,9,14,28,97,24,37,6,16,30
2022,Nurse-Barrie,EDM,pairing,52,6305,6,8,19,34,17,13,7,6,15
2022,Stamkos-Paul-Kucherov,TBL,line,28,1465,1,4,11,12,2,6,0,5,13
2022,Van Riemsdyk-Laughton-Allison,PHI,line,16,625,1,0,0,9,2,2,0,0,0
2022,Engvall-Holmberg-Jarnkrok,TOR,line,14,2438,2,0,0,17,6,4,2,2,4
2022,Lomberg-Staal-White,FLA,line,13,1483,1,3,6,10,1,3,1,2,4
2022,Parise-Nelson-Palmieri,NYI,line,21,7098,5,5,10,48,7,13,2,4,8
2022,Skjei-Burns,CAR,pairing,26,1304,1,2,4,3,6,2,1,0,0
2022,Meier-Couture-Labanc,SJS,line,17,640,0,0,0,5,1,3,1,0,0
2022,Joshua-Aman-Studnicka,VAN,line,15,5646,1,7,20,63,10,13,3,7,20
2022,Foligno-Krejci-Pastrnak,BOS,line,17,709,0,2,4,4,2,4,0,3,6
2022,Marchment-Seguin-Johnston,DAL,line,24,805,1,1,2,4,0,2,1,0,0
2022,Girgensons-Jost-Okposo,BUF,line,32,10062,3,9,16,61,14,13,4,8,16
2022,Girard-Macdermid,COL,pairing,21,1861,0,4,11,12,5,4,2,2,7
2022,Mcbain-Bjugstad-Fischer,ARI,line,20,897,0,3,6,10,2,2,0,0,0
2022,Edler-Walker,LAK,pairing,47,32625,28,38,79,254,45,75,26,26,57
2022,Heinen-Blueger-Mcginn,PIT,line,11,1378,1,0,0,15,3,3,4,0,0
2022,Jones-Trouba,NYR,pairing,13,2557,3,3,6,24,8,5,3,1,2
2022,Janmark-Draisaitl-Nugent-Hopkins,EDM,line,14,844,1,1,2,4,3,3,1,1,2
2022,Palat-Haula-Boqvist,NJD,line,10,4223,4,2,4,16,11,14,1,1,2
2022,Matheson-Guhle,MTL,pairing,15,1178,2,1,2,6,2,5,2,5,10
2022,Bratt-Hischier-Sharangovich,NJD,line,21,1316,2,1,2,7,3,1,3,1,2
2022,Ehlers-Scheifele-Connor,WPG,line,13,2611,3,2,4,16,10,7,2,5,10
2022,Ekman-Larsson-Schenn,VAN,pairing,38,7814,5,6,12,82,14,14,9,10,20
2022,Athanasiou-Lafferty-Blackwell,CHI,line,10,2116,2,0,0,11,5,3,1,1,2
2022,Hanifin-Weegar,CGY,pairing,40,2227,3,2,4,14,6,2,2,0,0
2022,Slavin-Skjei,CAR,pairing,51,2771,2,2,4,14,12,7,1,8,16
2022,Raymond-Larkin-Bertuzzi,DET,line,18,6991,3,7,14,44,9,18,5,10,20
2022,Gudbranson-Bjork,CBJ,pairing,21,1215,1,3,6,17,3,2,2,0,0
2022,Walman-Chiarot,DET,pairing,31,2255,1,1,2,11,2,6,2,4,8
2022,Harkins-Gustafsson-Gagner,WPG,line,10,1479,0,2,4,10,5,7,1,0,0
2022,Xhekaj-Barron,MTL,pairing,15,2083,1,2,7,25,2,12,2,6,15
2022,Brannstrom-Zaitsev,OTT,pairing,20,4082,0,5,13,59,9,11,4,4,11
2022,Ekholm-Carrier,NSH,pairing,36,25667,14,27,65,229,52,60,15,25,59
2022,Hague-Whitecloud,VGK,pairing,45,33075,27,31,71,268,70,74,19,30,67
2022,Parise-Pageau-Bailey,NYI,line,20,3904,1,1,2,35,4,15,2,1,2
2022,Alexeyev-Irwin,WSH,pairing,15,5842,1,8,21,56,9,20,2,6,18
2022,Mcnabb-Whitecloud,VGK,pairing,36,3193,3,3,6,28,10,5,2,2,4
2022,Comtois-Megna-Carrick,ANA,line,13,1589,0,3,9,14,2,6,2,2,7
2022,York-Provorov,PHI,pairing,36,24854,12,24,60,184,44,50,16,24,60
2022,Gallagher-Dvorak-Dadonov,MTL,line,11,4009,1,7,17,13,9,19,3,8,19
2022,Boqvist-Blankenburg,CBJ,pairing,20,3524,5,2,4,23,6,8,2,4,8
2022,Cole-Perbix,TBL,pairing,50,6818,5,8,25,57,12,21,3,10,29
2022,Jonsson-Fjallby-Dubois-Connor,WPG,line,10,1300,2,2,4,6,2,5,0,1,2
2022,Stecher-Brown,ARI,pairing,39,6367,3,3,9,69,7,10,4,5,13
2022,Anderson-Durzi,LAK,pairing,29,2559,2,3,9,9,5,6,0,5,10
2022,Morrissey-Dillon,WPG,pairing,59,4343,3,4,11,30,8,8,1,6,15
2022,Orlov-Jensen,WSH,pairing,41,28230,13,29,65,242,54,70,20,23,49
2022,Brodin-Goligoski,MIN,pairing,11,2665,1,1,2,16,6,7,1,1,5
2022,Svechnikov-Lorentz-Gregor,SJS,line,16,642,0,2,4,10,1,0,1,0,0
2022,Killorn-Stamkos-Cirelli,TBL,line,33,11099,8,16,35,64,19,26,8,10,23
2022,Dahlin-Jokiharju,BUF,pairing,40,8375,8,7,14,37,17,18,7,7,14
2022,White-Shattenkirk,ANA,pairing,20,3532,4,5,10,25,5,10,3,1,2
2022,Zetterlund-Haula-Sharangovich,NJD,line,12,2604,3,2,4,13,7,8,1,1,2
2022,Orlov-Carlson,WSH,pairing,15,5307,7,6,12,45,8,11,6,6,12
2022,Skinner-Thompson-Olofsson,BUF,line,23,1818,1,2,4,4,4,4,0,2,4
2022,Schmaltz-Mcbain-Keller,ARI,line,19,1389,0,2,4,8,4,1,2,1,2
2022,Tinordi-Jones,CHI,pairing,21,1292,0,1,2,11,3,1,1,1,2
2022,Hajek-Schneider,NYR,pairing,15,8444,5,7,20,96,7,34,4,11,38
2022,Bean-Peeke,CBJ,pairing,12,1683,2,0,0,6,4,4,1,1,2
2022,Duchene-Johansen-Niederreiter,NSH,line,28,3520,2,10,28,18,10,15,2,9,24
2022,Dadonov-Dvorak-Armia,MTL,line,10,3242,2,4,8,23,1,6,3,4,8
2022,Letang-Petry,PIT,pairing,36,2264,2,2,4,23,5,9,1,1,2
2022,Marchand-Krejci-Pastrnak,BOS,line,30,1289,4,0,0,7,4,6,1,3,6
2022,Valimaki-Stecher,ARI,pairing,46,10734,6,15,30,73,25,36,3,14,28
2022,Hagg-Hronek,DET,pairing,15,607,1,1,2,1,0,3,1,1,2
2022,Laughton-Cates-Allison,PHI,line,14,2879,1,5,16,18,5,7,0,3,12
2022,Sanderson-Hamonic,OTT,pairing,65,44885,30,58,137,413,90,131,38,57,141
2022,Sergachev-Fleury,TBL,pairing,14,2646,1,3,6,18,5,8,2,2,4
2022,Lindblom-Lorentz-Svechnikov,SJS,line,22,4868,4,1,2,60,9,8,5,1,2
2022,Pionk-Demelo,WPG,pairing,39,1875,2,1,2,13,4,6,1,1,2
2022,Pitlick-Acciari-Toropchenko,STL,line,20,3363,0,1,2,42,6,4,2,3,6
2022,Hague-Miromanov,VGK,pairing,11,3849,0,3,6,24,11,5,1,2,4
2022,Fowler-Vaakanainen,ANA,pairing,15,1376,0,1,2,10,1,4,3,1,2
2022,Van Riemsdyk-Laughton-Tippett,PHI,line,17,701,2,0,0,3,1,2,0,0,0
2022,Gavrikov-Gudbranson,CBJ,pairing,43,5103,1,12,27,39,7,11,2,8,19
2022,Bryson-Clague,BUF,pairing,12,791,1,0,0,5,1,2,1,2,4
2022,Hayes-Cates-Allison,PHI,line,11,902,0,1,2,4,1,2,0,2,4
2022,Tanev-Geekie-Sprong,SEA,line,26,8984,11,15,33,84,20,20,7,8,19
2022,Bryson-Pilut,BUF,pairing,11,1316,2,1,2,5,2,1,4,1,2
2022,Pulock-Dobson,NYI,pairing,48,2968,0,1,2,23,7,14,5,2,4
2022,Kuzmenko-Pettersson-Mikheyev,VAN,line,24,11840,17,9,27,58,24,30,12,14,34
2022,Mccabe-Mitchell,CHI,pairing,17,1855,0,1,2,11,9,7,0,2,4
2022,Slavin-Pesce,CAR,pairing,39,2262,2,1,2,12,5,10,1,2,4
2022,Theodore-Pietrangelo,VGK,pairing,30,1337,3,0,0,7,1,3,2,1,10
2022,Megna-Ferraro,SJS,pairing,28,1979,0,2,6,8,6,4,1,0,0
2022,Kaprizov-Hartman-Zuccarello,MIN,line,21,13792,12,15,28,57,27,35,10,14,30
2022,Beaulieu-Shattenkirk,ANA,pairing,36,12694,10,22,56,76,21,28,14,11,34
2022,Wood-Hughes-Bratt,NJD,line,18,777,2,0,0,8,2,2,0,1,2
2022,Johansson-Strome-Sheary,WSH,line,13,1541,1,1,2,10,3,1,2,0,0
2022,Kostin-Nugent-Hopkins-Janmark,EDM,line,17,8335,9,15,30,68,18,22,6,12,24
2022,Ritchie-Mcbain-Kassian,ARI,line,10,784,0,1,2,8,0,5,0,0,0
2022,Robertson-Pavelski-Johnston,DAL,line,47,2518,0,6,12,8,6,8,1,0,0
2022,Marchment-Glendening-Gurianov,DAL,line,13,1390,0,3,6,15,1,5,0,1,2
2022,Van Riemsdyk-Cates-Konecny,PHI,line,13,2027,1,1,2,8,4,3,1,0,0
2022,Gudbranson-Blankenburg,CBJ,pairing,25,5543,4,3,6,31,11,11,6,6,12
2022,Kreider-Zibanejad-Panarin,NYR,line,10,2194,4,0,0,16,9,8,0,2,4
2022,Matheson-Savard,MTL,pairing,32,14496,8,13,29,80,29,64,5,14,31
2022,Nosek-Coyle-Foligno,BOS,line,16,723,0,1,2,10,1,4,0,0,0
2022,Lucic-Backlund-Coleman,CGY,line,20,926,0,1,2,12,2,3,1,0,0
2022,Jarvis-Aho-Svechnikov,CAR,line,36,8971,11,9,18,47,41,32,4,8,16
2022,Lehkonen-Compher-O'Connor,COL,line,25,1351,1,2,4,11,4,2,2,1,2
2022,Martinez-Whitecloud,VGK,pairing,37,5370,2,6,15,44,12,10,4,4,11
2022,Siegenthaler-Severson,NJD,pairing,57,6836,3,5,13,32,11,20,6,2,7
2022,Rodrigues-Newhook-Kaut,COL,line,12,3880,3,1,2,20,10,10,3,2,4
2022,Saad-Acciari-Barbashev,STL,line,16,1979,1,1,2,21,2,4,0,2,4
2022,Bryson-Lyubushkin,BUF,pairing,38,16864,8,12,24,93,37,26,15,14,28
2022,Fehervary-Irwin,WSH,pairing,33,7355,6,5,10,91,16,21,8,9,16
2022,Colton-Bellemare-Perry,TBL,line,14,1638,0,1,2,15,3,6,0,3,6
2022,Ekman-Larsson-Burroughs,VAN,pairing,18,2073,1,7,23,14,3,0,2,5,19
2022,Johnson-Jones,CHI,pairing,36,12388,1,9,18,87,36,31,12,6,15
2022,Schmaltz-Boyd-Keller,ARI,line,40,15432,11,15,33,44,36,46,13,23,51
2022,Lee-Horvat-Holmstrom,NYI,line,11,3594,0,3,6,16,5,8,3,6,12
2022,Nurse-Kulak,EDM,pairing,51,2609,7,3,6,19,8,10,2,4,8
2022,Blais-Goodrow-Gauthier,NYR,line,10,3136,3,4,11,30,2,6,4,4,11
2022,Schmaltz-Hayton-Keller,ARI,line,43,21171,26,19,46,70,43,66,16,24,51
2022,Graves-Severson,NJD,pairing,55,16439,15,15,30,88,32,42,11,11,22
2022,Greer-Coyle-Frederic,BOS,line,23,4315,5,10,35,36,9,10,2,8,31
2022,Draisaitl-Mcdavid-Puljujarvi,EDM,line,13,2207,1,0,0,8,1,11,4,2,4
2022,Ferraro-Benning,SJS,pairing,56,10195,7,15,33,89,25,27,10,12,25
2022,Montour-Ekblad,FLA,pairing,37,2133,0,2,4,6,2,8,4,2,4
2022,Beauvillier-Nelson-Bailey,NYI,line,21,4639,3,3,6,21,20,15,6,3,6
2022,Seeler-Braun,PHI,pairing,27,7831,4,9,18,66,11,15,5,9,20
2022,Fischer-Mcbain-Kassian,ARI,line,10,713,0,2,4,15,4,0,0,0,0
2022,Zadorov-Tanev,CGY,pairing,59,5926,5,11,25,50,12,7,4,6,15
2022,Forsberg-Johansen-Duchene,NSH,line,28,2771,1,2,4,16,8,9,3,3,6
2022,Gaudreau-Jenner-Laine,CBJ,line,37,14784,14,7,14,81,26,31,12,14,28
2022,Dunn-Borgen,SEA,pairing,34,1524,3,1,2,9,6,2,1,3,6
2022,Hughes-Bear,VAN,pairing,44,18089,18,15,28,106,37,37,11,23,44
2022,Murray-Bouchard,EDM,pairing,11,3769,0,4,8,47,8,16,5,5,10
2022,Rodrigues-Compher-Nichushkin,COL,line,20,992,0,0,0,7,1,1,0,0,0
2022,Marchessault-Eichel-Smith,VGK,line,19,964,0,1,2,8,3,3,1,3,6
2022,Fiala-Kupari-Grundstrom,LAK,line,12,5323,7,4,8,43,6,14,5,5,10
2022,Morrissey-Pionk,WPG,pairing,64,27523,26,27,60,178,51,62,20,33,72
2022,Kulikov-Klingberg,ANA,pairing,27,9827,9,14,31,54,13,24,14,11,25
2022,Jonsson-Fjallby-Gustafsson-Maenalanen,WPG,line,16,3164,3,6,14,36,9,9,1,2,4
2022,Verhaeghe-Bennett-Reinhart,FLA,line,28,1077,0,1,2,13,3,1,2,2,4
2022,Barabanov-Couture-Meier,SJS,line,38,5117,3,4,8,35,9,14,4,4,8
2022,Schenn-Bear,VAN,pairing,19,1052,0,3,6,9,0,3,0,1,2
2022,Smith-Sissons-Jeannot,NSH,line,17,2383,2,6,24,48,6,5,1,5,22
2022,Staal-Montour,FLA,pairing,67,40741,32,49,116,245,93,98,28,58,137
2022,Berni-Bjork,CBJ,pairing,14,1035,1,5,10,14,1,3,1,0,0
2022,Byram-Manson,COL,pairing,16,7821,10,11,28,56,13,13,3,7,20
2022,Czarnik-Veleno-Berggren,DET,line,10,4984,3,5,12,40,10,9,1,9,18
2022,Broberg-Barrie,EDM,pairing,20,1688,2,1,2,8,4,3,0,2,4
2022,Lee-Nelson-Beauvillier,NYI,line,39,18562,20,23,55,117,33,67,11,26,61
2022,Marchessault-Karlsson-Smith,VGK,line,48,23593,14,13,29,127,59,44,18,18,40
2022,Hall-Coyle-Frederic,BOS,line,35,9833,11,4,8,61,27,18,5,14,28
2022,Motte-Pinto-Batherson,OTT,line,17,1764,2,3,6,20,5,7,1,1,2
2022,Tkachuk-Luostarinen-Verhaeghe,FLA,line,16,3564,7,3,6,22,11,10,3,3,6
2022,Holden-Zub,OTT,pairing,20,2008,0,3,6,23,2,11,0,2,4
2022,Jones-Murphy,CHI,pairing,51,4841,5,2,4,34,8,18,0,3,6
2022,Joseph-Dumoulin,PIT,pairing,31,1822,0,1,2,14,5,8,2,2,4
2022,Chiarot-Hronek,DET,pairing,47,20432,10,18,41,145,34,35,15,18,39
2022,Vesey-Trocheck-Goodrow,NYR,line,14,2045,2,1,2,17,7,16,2,3,6
2022,Toews-Manson,COL,pairing,19,2282,1,2,4,9,6,4,0,4,8
2022,Salo-Mayfield,NYI,pairing,11,3362,5,5,10,27,7,11,3,6,12
2022,Boyd-Hayton-Keller,ARI,line,12,1715,0,5,10,5,3,5,2,6,12
2022,Comtois-Lundestrom-Silfverberg,ANA,line,13,3959,1,6,18,15,6,9,2,8,24
2022,Point-Cirelli-Kucherov,TBL,line,21,761,1,1,2,5,0,2,1,2,4
2022,Holden-Hamonic,OTT,pairing,43,3820,3,2,4,38,9,12,8,2,4
2022,Tanev-Wennberg-Donato,SEA,line,16,783,0,0,0,10,2,2,0,0,0
2022,Liljegren-Timmins,TOR,pairing,15,761,0,1,2,3,1,0,0,0,0
2022,Boldy-Eriksson Ek-Kaprizov,MIN,line,18,888,0,0,0,8,3,1,0,1,2
2022,Staal-Mahura,FLA,pairing,31,3332,2,2,4,24,2,10,2,2,4
2022,Cotter-Stephenson-Kessel,VGK,line,18,2862,2,4,11,20,7,7,4,3,9
2022,Jonsson-Fjallby-Stenlund-Maenalanen,WPG,line,10,1960,1,2,6,14,5,5,2,1,2
2022,Byram-Macdermid,COL,pairing,11,760,0,2,4,3,0,0,1,0,0
2022,Ritchie-Mcbain-Fischer,ARI,line,21,4121,2,10,20,58,4,8,4,5,12
2022,Dickinson-Lafferty-Blackwell,CHI,line,14,1916,2,3,6,17,5,6,3,2,4
2022,Fiala-Lizotte-Anderson-Dolan,LAK,line,12,4191,4,3,6,18,5,9,6,2,4
2022,Macdonald-Karlsson,SJS,pairing,15,3148,1,6,12,17,9,11,2,4,8
2022,Zetterlund-Boqvist-Sharangovich,NJD,line,13,1843,2,0,0,8,3,5,3,2,4
2022,Miller-Lindgren,NYR,pairing,31,1534,0,3,6,12,2,4,0,4,8
2022,Foligno-Coyle-Smith,BOS,line,12,1439,1,1,2,13,3,5,0,1,2
2022,Seeler-Deangelo,PHI,pairing,40,13737,8,11,30,122,22,27,9,18,42
2022,Rielly-Giordano,TOR,pairing,43,2662,2,0,0,10,11,11,1,3,6
2022,Sundqvist-Veleno-Berggren,DET,line,16,1780,1,2,4,12,2,4,1,0,0
2022,Bayreuther-Bjork,CBJ,pairing,14,3182,1,6,15,28,6,3,4,3,9
2022,Benoit-Vaakanainen,ANA,pairing,11,3950,1,10,23,28,4,4,5,6,15
2022,Savard-Kovacevic,MTL,pairing,26,1237,1,0,0,8,1,6,2,1,2
2022,Crouse-Hayton-Maccelli,ARI,line,18,614,0,0,0,11,2,1,0,0,0
2022,Hakanp-Lundkvist,DAL,pairing,21,847,0,0,0,12,2,2,0,0,0
2022,Larsson-Schultz,SEA,pairing,43,2369,1,2,4,11,8,4,2,3,6
2022,Holl-Liljegren,TOR,pairing,29,1444,1,1,2,11,2,4,0,1,2
2022,Huberdeau-Kadri-Dube,CGY,line,16,1785,5,2,4,17,2,7,0,3,6
2022,Faulk-Parayko,STL,pairing,55,3623,2,2,4,17,7,6,1,1,4
2022,Jeannot-Parssinen-Trenin,NSH,line,19,2409,0,3,9,37,7,3,2,3,9
2022,Niemelainen-Bouchard,EDM,pairing,19,4595,5,2,4,45,11,14,4,7,14
2022,Verhaeghe-Lundell-Reinhart,FLA,line,16,2191,1,5,10,9,10,14,1,1,2
2022,Sergachev-Cole,TBL,pairing,55,6441,4,9,18,40,15,24,2,4,8
2022,Romanov-Aho,NYI,pairing,31,1249,0,1,2,11,5,4,0,2,4
2022,Pelech-Pulock,NYI,pairing,49,34208,30,38,85,300,58,95,19,27,63
2022,Lindell-Lundkvist,DAL,pairing,37,5356,4,4,8,31,14,19,4,5,10
2022,Colton-Paul-Perry,TBL,line,18,963,0,0,0,8,2,1,0,1,2
2022,Kotkaniemi-Stepan-Noesen,CAR,line,15,3248,1,2,4,22,7,7,0,2,4
2022,Jeannot-Sissons-Trenin,NSH,line,40,9330,6,14,31,125,13,25,6,14,34
2022,Tanev-Gourde-Kuhlman,SEA,line,10,1231,0,2,7,10,4,5,0,1,5
2022,Johansson-Kuznetsov-Mantha,WSH,line,12,1084,0,2,4,7,2,4,1,0,0
2022,Brodin-Dumba,MIN,pairing,47,39949,24,66,156,277,74,62,14,54,133
2022,Mikheyev-Horvat-Boeser,VAN,line,16,6071,10,1,2,32,13,18,4,7,14
2022,Robinson-Jenner-Olivier,CBJ,line,13,668,0,0,0,11,0,2,2,1,2
2022,Ehlers-Scheifele-Wheeler,WPG,line,14,4234,4,2,7,17,7,24,3,5,13
2022,Perfetti-Lowry-Wheeler,WPG,line,23,1098,0,2,7,7,2,2,1,3,9
2022,Maroon-Cirelli-Colton,TBL,line,10,2967,2,4,11,36,6,7,0,7,17
2022,Parise-Pageau-Cizikas,NYI,line,25,2088,0,1,2,17,4,7,0,2,4
2022,Nugent-Hopkins-Mcdavid-Puljujarvi,EDM,line,11,3181,0,3,6,24,5,1,1,7,14
2022,Saad-Schenn-Kyrou,STL,line,11,3117,0,1,2,14,4,7,4,0,0
2022,Henrique-Strome-Zegras,ANA,line,10,1832,2,2,4,4,3,5,2,3,6
2022,Schwartz-Beniers-Eberle,SEA,line,42,9293,6,6,12,46,32,20,8,10,20
2022,Stastny-Stepan-Noesen,CAR,line,33,11167,5,7,17,75,30,23,6,12,27
2022,Jarvis-Kotkaniemi-Noesen,CAR,line,10,950,1,1,2,3,3,0,0,1,2
2022,Hall-Zacha-Pastrnak,BOS,line,10,2511,3,3,6,23,8,9,3,0,0
2022,Gaudreau-Jenner-Marchenko,CBJ,line,18,7576,6,5,10,35,11,17,9,4,8
2022,Moser-Soderstrom,ARI,pairing,15,913,1,0,0,8,0,4,0,2,4
2022,Schenn-Buchnevich-Kyrou,STL,line,15,1213,2,2,7,7,1,4,1,1,5
2022,Mcdonagh-Ekholm,NSH,pairing,20,5979,5,4,8,51,19,14,4,7,14
2022,Huberdeau-Backlund-Toffoli,CGY,line,12,941,3,1,5,8,1,1,0,3,9
2022,Jones-Lundestrom-Silfverberg,ANA,line,18,2406,0,7,14,8,4,4,2,2,4
2022,Mcginn-Poehling-Archibald,PIT,line,10,3259,2,4,8,33,6,3,0,4,8
2022,Maccelli-Bjugstad-Fischer,ARI,line,16,884,1,0,0,4,2,4,0,1,2
2022,Foligno-Greer-Frederic,BOS,line,15,1805,3,3,9,22,3,3,0,3,9
2022,Hughes-Ekman-Larsson,VAN,pairing,34,3004,6,1,2,14,7,4,5,4,8
2022,Athanasiou-Domi-Kane,CHI,line,34,15865,10,20,47,79,55,58,10,13,27
2022,Edmundson-Wideman,MTL,pairing,13,2130,4,3,6,19,2,10,3,2,4
2022,Peeke-Gudbranson,CBJ,pairing,57,7399,3,8,16,53,11,16,10,7,14
2022,Ristolainen-Braun,PHI,pairing,19,805,1,1,2,8,2,2,1,0,0
2022,Huberdeau-Lindholm-Toffoli,CGY,line,32,9948,3,11,22,50,19,29,4,6,12
2022,Stamkos-Point-Kucherov,TBL,line,57,15533,15,9,21,83,39,47,8,26,57
2022,Boldy-Eriksson Ek-Shaw,MIN,line,12,1539,2,2,4,11,3,3,1,0,0
2022,Hyman-Mcdavid-Janmark,EDM,line,12,1711,0,1,0,9,4,7,1,2,4
2022,Mccann-Gourde-Tanev,SEA,line,10,2887,2,3,6,26,9,9,1,5,10
2022,Josi-Mcdonagh,NSH,pairing,53,32118,33,46,108,245,68,92,13,37,89
2022,Killorn-Paul-Stamkos,TBL,line,35,15357,18,16,32,125,41,58,8,15,32
2022,Pitlick-Alexandrov-Toropchenko,STL,line,18,6720,5,8,18,72,16,10,4,10,20
2022,Sheary-Kuznetsov-Mantha,WSH,line,12,2394,1,4,8,15,3,11,2,7,14
2022,Giordano-Holl,TOR,pairing,60,31678,22,43,98,218,78,96,21,44,97
2022,Olofsson-Krebs-Peterka,BUF,line,11,3200,1,3,6,15,6,6,6,3,6
2022,Rodrigues-Compher-O'Connor,COL,line,11,643,1,1,2,6,0,3,1,1,2
2022,Morrissey-Demelo,WPG,pairing,57,35877,27,44,104,229,71,100,28,44,96
2022,Debrusk-Bergeron-Hall,BOS,line,10,983,2,1,2,10,2,1,0,2,4
2022,Van Riemsdyk-Frost-Allison,PHI,line,18,827,0,2,4,11,0,1,0,2,4
2022,Mikkola-Parayko,STL,pairing,41,11851,4,12,32,96,25,28,11,9,24
2022,Mcdonagh-Carrier,NSH,pairing,33,3812,1,1,2,40,12,5,1,3,6
2022,Tkachuk-Sttzle-Batherson,OTT,line,51,17397,15,20,43,183,40,63,22,19,41
2022,Skinner-Mittelstadt-Olofsson,BUF,line,11,931,0,0,0,0,6,3,1,0,0
2022,Kiviranta-Faksa-Dellandrea,DAL,line,16,1708,0,2,4,14,3,5,1,0,0
2022,Ovechkin-Strome-Mantha,WSH,line,19,1053,2,1,2,11,1,4,0,0,0
2022,Matheson-Barron,MTL,pairing,17,8447,7,9,21,60,21,27,4,5,13
2022,Rutta-Ruhwedel,PIT,pairing,13,2972,2,6,12,38,7,3,2,2,4
2022,Nurse-Niemelainen,EDM,pairing,12,701,0,1,2,10,0,2,0,1,2
2022,Hyman-Mcdavid-Yamamoto,EDM,line,14,928,1,0,0,8,1,0,1,3,8
2022,Necas-Kotkaniemi-Svechnikov,CAR,line,43,13850,10,27,54,95,33,40,8,17,34
2022,Lindblom-Sturm-Svechnikov,SJS,line,14,823,0,0,0,6,1,1,0,2,4
2022,Mantha-Eller-Aube-Kubel,WSH,line,13,2526,1,5,16,22,9,4,2,3,9
2022,Drury-Stepan-Noesen,CAR,line,11,3875,5,6,12,29,9,3,1,6,10
2022,Hoffman-Dvorak-Dadonov,MTL,line,16,3376,2,3,6,15,4,14,2,2,4
2022,Macdonald-Manson,COL,pairing,12,3433,2,2,7,23,7,11,2,3,9
2022,Kulikov-Vaakanainen,ANA,pairing,20,2042,1,0,0,13,2,5,1,1,2
2022,Marchment-Benn-Seguin,DAL,line,16,1605,2,3,9,16,3,2,1,2,7
2022,Hedman-Perbix,TBL,pairing,51,13397,12,10,23,88,48,49,6,14,31
2022,Sandin-Liljegren,TOR,pairing,38,21961,19,23,51,172,50,73,12,23,53
2022,Johnson-Domi-Kane,CHI,line,15,6578,5,6,12,42,18,23,5,2,4
2022,Hedman-Cernak,TBL,pairing,52,13682,8,19,44,74,34,36,12,16,38
2022,Iafallo-Danault-Arvidsson,LAK,line,24,11037,7,10,20,57,19,19,7,13,26
2022,Maatta-Oesterle,DET,pairing,29,15942,6,17,34,103,21,26,18,20,40
2022,Kane-Mcdavid-Yamamoto,EDM,line,10,3998,1,6,14,35,12,13,2,6,12
2022,Bayreuther-Blankenburg,CBJ,pairing,13,1361,0,0,0,7,4,3,0,1,2
2022,Marino-Hamilton,NJD,pairing,37,2012,1,1,2,16,7,10,0,0,0
2022,Luostarinen-Lundell-Reinhart,FLA,line,23,3763,4,5,13,14,9,7,2,5,13
2022,Nosek-Foligno-Smith,BOS,line,16,3955,2,8,19,38,8,7,3,4,11
2022,Laughton-Hayes-Tippett,PHI,line,17,3517,2,5,10,19,3,5,5,3,6
2022,Power-Pilut,BUF,pairing,12,1164,4,1,2,2,6,2,0,0,0
2022,Laughton-Cates-Macewen,PHI,line,11,1917,1,3,9,19,1,5,1,2,7
2022,Kempe-Kopitar-Vilardi,LAK,line,19,9053,4,4,8,45,16,29,3,9,18
2022,Anderson-Roy,LAK,pairing,46,1882,3,2,4,11,3,4,2,1,2
2022,Skinner-Thompson-Quinn,BUF,line,21,4644,6,5,13,17,11,12,6,7,17
2022,O'Brien-Boyd-Fischer,ARI,line,15,1344,1,0,0,26,3,6,2,1,2
2022,Lomberg-Lundell-Reinhart,FLA,line,20,5604,4,7,20,55,8,20,5,8,25
2022,Edmundson-Savard,MTL,pairing,34,8172,4,4,8,43,7,28,9,4,8
2022,Gavrikov-Bayreuther,CBJ,pairing,15,857,0,0,0,2,2,0,0,2,4
2022,Cogliano-Eller-O'Connor,COL,line,11,5556,2,9,18,34,15,12,2,8,16
2022,Power-Jokiharju,BUF,pairing,47,35083,31,38,83,136,76,75,30,45,99
2022,Ritchie-Hayton-Schmaltz,ARI,line,14,871,2,3,6,9,3,7,1,2,4
2022,Skjei-De Haan,CAR,pairing,20,974,0,0,0,4,2,3,0,1,2
2022,Dahlin-Samuelsson,BUF,pairing,44,33557,31,33,72,158,60,61,29,35,73
2022,Benoit-Shattenkirk,ANA,pairing,56,22135,12,27,55,147,35,37,19,14,31
2022,Jones-Schneider,NYR,pairing,16,9578,4,9,18,93,18,31,5,5,10
2022,Alexeyev-Van Riemsdyk,WSH,pairing,13,1716,2,1,2,11,5,6,1,2,4
2022,Nichushkin-Mackinnon-Rantanen,COL,line,26,2606,2,2,4,14,2,6,1,3,6
2022,Luostarinen-Bennett-Reinhart,FLA,line,16,2140,0,3,6,18,1,5,2,2,4
2022,Kaprizov-Gaudreau-Zuccarello,MIN,line,32,7946,5,8,16,32,24,16,3,7,14
2022,Lucic-Lindholm-Toffoli,CGY,line,20,1986,2,1,2,20,6,7,2,1,2
2022,Harris-Savard,MTL,pairing,41,8428,1,10,23,30,9,34,4,7,15
2022,Engvall-Kampf-Aston-Reese,TOR,line,22,4050,1,0,0,28,10,13,2,0,0
2022,Merrill-Spurgeon,MIN,pairing,45,2825,1,1,2,23,7,5,0,2,4
2022,Zucker-Crosby-Rakell,PIT,line,29,821,1,1,2,11,1,4,1,0,0
2022,Mittelstadt-Krebs-Quinn,BUF,line,10,2853,3,4,8,26,4,7,1,2,4
2022,Jones-Mctavish-Terry,ANA,line,18,6317,7,6,15,22,11,12,4,6,15
2022,Deslauriers-Sedlak-Macewen,PHI,line,15,948,1,3,9,15,1,3,0,4,11
2022,Hronek-Seider,DET,pairing,36,1570,1,0,0,14,2,6,2,4,10
2022,Boqvist-Gudbranson,CBJ,pairing,26,2638,5,3,6,15,3,4,2,3,6
2022,Provorov-Sanheim,PHI,pairing,65,6698,2,7,17,41,7,12,5,4,11
2022,Moore-Danault-Arvidsson,LAK,line,43,26602,13,28,61,146,40,61,17,21,42
2022,Johnson-Jones,CHI,pairing,39,11581,4,10,20,81,32,34,11,8,16
2022,Newhook-Mackinnon-Rantanen,COL,line,15,1001,2,0,0,8,4,3,1,2,4
2022,Van Riemsdyk-Laughton-Konecny,PHI,line,13,764,2,1,2,4,0,1,1,1,2
2022,Girard-Englund,COL,pairing,27,3348,3,5,10,24,10,3,2,1,2
2022,Sanheim-Deangelo,PHI,pairing,59,19512,12,23,52,147,31,46,18,26,58
2022,Robinson-Sillinger-Olivier,CBJ,line,16,1879,0,1,2,32,5,3,1,2,4
2022,Oleksiak-Soucy,SEA,pairing,36,1771,2,2,4,13,3,4,1,3,6
2022,Stephenson-Eichel-Marchessault,VGK,line,17,1562,3,4,8,10,4,6,2,2,4
2022,Chychrun-Gostisbehere,ARI,pairing,32,31609,28,29,63,195,61,106,19,42,91
2022,Lomberg-Cousins-Staal,FLA,line,31,9802,7,16,35,83,23,24,6,12,27
2022,Stillman-Schenn,VAN,pairing,21,3697,2,3,9,43,6,11,4,2,7
2022,Werenski-Peeke,CBJ,pairing,10,2312,1,0,0,12,4,3,1,2,4
2022,Lucic-Kadri-Huberdeau,CGY,line,25,10872,11,12,30,70,28,29,7,16,38
2022,Huberdeau-Kadri-Coleman,CGY,line,11,669,1,1,5,5,0,2,3,1,5
2022,Newhook-Compher-Rodrigues,COL,line,16,1021,0,0,0,3,1,1,2,0,0
2022,Carrier-Roy-Kolesar,VGK,line,37,17190,14,15,36,217,35,29,11,18,42
2022,York-Ristolainen,PHI,pairing,24,4230,2,5,10,26,8,9,4,3,6
2022,Kreider-Trocheck-Goodrow,NYR,line,14,2818,3,3,6,25,9,3,1,0,0
2022,Kiersted-Montour,FLA,pairing,15,1661,1,1,2,13,3,2,0,2,4
2022,Debrusk-Coyle-Marchand,BOS,line,23,651,1,1,5,4,1,4,0,1,5
2022,Fowler-Beaulieu,ANA,pairing,25,2429,1,4,14,14,3,5,2,6,18
2022,Zegras-Mctavish-Terry,ANA,line,23,1163,1,1,2,2,2,3,1,1,2
2022,Leddy-Bortuzzo,STL,pairing,18,1477,1,0,0,11,0,5,1,0,0
2022,Nurse-Bouchard,EDM,pairing,66,7694,8,11,25,47,16,21,5,13,29
2022,Christiansen-Gudbranson,CBJ,pairing,15,6728,3,10,23,43,10,16,5,1,5
2022,Martinez-Pietrangelo,VGK,pairing,55,44037,35,29,64,268,119,85,23,41,88
2022,Maatta-Seider,DET,pairing,44,2021,1,1,2,17,3,5,3,1,2
2022,Brannstrom-Hamonic,OTT,pairing,35,2554,2,8,25,26,7,6,1,4,17
2022,Broberg-Desharnais,EDM,pairing,17,1784,2,5,10,8,0,3,1,4,8
2022,Miller-Harpur,NYR,pairing,16,1029,1,3,6,10,2,2,1,0,0
2022,Letang-Ruhwedel,PIT,pairing,15,729,1,1,2,6,3,3,1,1,2
2022,Ceci-Barrie,EDM,pairing,27,1027,1,2,4,8,1,1,2,0,0
2022,Weegar-Stone,CGY,pairing,27,1649,1,1,4,15,4,3,0,1,2
2022,Edler-Durzi,LAK,pairing,23,2610,0,3,6,21,1,6,3,2,4
2022,Gustafsson-Irwin,WSH,pairing,36,4509,3,5,10,44,3,12,2,5,10
2022,Josi-Gross,NSH,pairing,10,8329,6,8,21,65,30,15,7,15,35
2022,Cotter-Eichel-Marchessault,VGK,line,19,6789,7,5,10,51,22,9,7,4,8
2022,Farabee-Hayes-Tippett,PHI,line,20,1301,1,5,16,12,2,2,0,2,10
2022,Okhotiuk-Hamilton,NJD,pairing,10,853,2,1,2,9,2,2,1,1,2
2022,Marchand-Bergeron-Smith,BOS,line,16,4694,5,10,23,18,16,9,0,6,15
2022,Watson-Gambrell-Kelly,OTT,line,21,3017,1,9,23,36,6,12,0,3,9
2022,Lindblom-Sturm-Gregor,SJS,line,17,1686,0,3,6,13,5,3,1,0,0
2022,Gostisbehere-Brown,ARI,pairing,27,11191,6,18,39,101,21,23,9,20,43
2022,Slafkovsky-Evans-Anderson,MTL,line,13,2459,2,7,14,20,5,11,1,4,8
2022,Lauzon-Foote,NSH,pairing,10,4154,3,3,12,42,7,9,4,4,14
2022,Milano-Kuznetsov-Mantha,WSH,line,20,4953,5,2,4,30,13,16,3,3,6
2022,Hoglander-Horvat-Miller,VAN,line,11,6009,6,2,7,46,11,12,2,6,15
2022,Scandella-Parayko,STL,pairing,11,1415,0,0,0,13,3,4,1,0,0
2022,Wahlstrom-Barzal-Bailey,NYI,line,23,8892,9,8,19,47,16,25,2,10,23
2022,Tatar-Hughes-Mercer,NJD,line,10,878,0,1,2,5,3,4,1,1,2
2022,Stillman-Bear,VAN,pairing,19,3902,1,4,8,26,10,10,2,4,8
2022,Marchment-Seguin-Faksa,DAL,line,19,7907,1,7,17,44,16,24,5,6,17
2022,Maroon-Cirelli-Namestnikov,TBL,line,10,1100,0,1,2,6,8,4,0,1,2
2022,Schmidt-Dillon,WPG,pairing,51,17644,7,29,64,131,36,43,4,23,52
2022,Necas-Stastny-Svechnikov,CAR,line,29,13862,12,21,42,74,40,36,9,14,28
2022,Graves-Bahl,NJD,pairing,16,1097,0,0,0,6,2,8,2,2,4
2022,Martinook-Aho-Jarvis,CAR,line,17,617,0,0,0,3,3,1,2,1,2
2022,Sheary-Eller-Ovechkin,WSH,line,14,1270,1,1,2,4,4,3,1,1,2
2022,Johnson-Guttman-Raddysh,CHI,line,14,8450,6,7,14,56,24,25,4,5,10
2022,Martinez-Miromanov,VGK,pairing,11,614,1,1,2,4,1,0,3,1,2
2022,Chychrun-Valimaki,ARI,pairing,22,4717,7,3,6,29,7,6,4,7,14
2022,Slavin-Chatfield,CAR,pairing,31,1855,2,1,2,11,7,2,0,2,4
2022,Krug-Rosen,STL,pairing,12,1062,3,0,0,6,3,2,1,2,4
2022,Boldy-Gaudreau-Steel,MIN,line,11,2941,3,1,2,16,8,5,3,0,0
2022,Hagg-Seider,DET,pairing,20,1078,0,0,0,13,2,2,0,0,0
2022,York-Seeler,PHI,pairing,28,3319,2,2,4,30,4,6,1,3,6
2022,Aston-Reese-Kampf-Jarnkrok,TOR,line,15,630,1,3,6,6,5,1,0,0,0
2022,Mccabe-Johnson,CHI,pairing,23,7809,3,3,6,50,16,25,3,7,14
2022,Rielly-Liljegren,TOR,pairing,37,10533,4,12,24,73,19,25,2,7,12
2022,Aho-Pulock,NYI,pairing,55,7739,7,10,23,58,16,12,6,8,21
2022,Johnson-Toews,COL,pairing,12,1228,1,4,8,7,1,2,2,0,0
2022,Ekholm-Bouchard,EDM,pairing,10,8263,17,8,16,60,28,22,5,9,18
2022,O'Brien-Mcbain-Fischer,ARI,line,31,9822,7,24,57,148,5,24,6,9,27
2022,Chiarot-Hagg,DET,pairing,21,1054,2,2,4,9,2,2,0,1,2
2022,Josi-Carrier,NSH,pairing,36,5252,4,7,14,61,16,6,7,7,14
2022,Brodie-Liljegren,TOR,pairing,27,2251,2,4,8,14,5,5,1,3,6
2022,Lehkonen-Newhook-Rodrigues,COL,line,12,834,0,0,0,3,4,1,0,0,0
2022,Vesey-Goodrow-Chytil,NYR,line,12,2887,2,6,15,22,6,12,0,2,7
2022,Mccann-Beniers-Eberle,SEA,line,46,23485,29,23,51,139,71,55,16,28,59
2022,Aston-Reese-Kampf-Kerfoot,TOR,line,25,1322,0,0,0,7,5,5,2,1,2
2022,Beaulieu-White,ANA,pairing,15,8241,7,8,19,34,15,20,10,8,19
2022,Sandin-Holl,TOR,pairing,41,8061,5,8,16,57,26,25,6,8,16
2022,Smith-Karlsson-Amadio,VGK,line,23,8387,8,2,4,41,21,23,5,3,6
2022,Orlov-Mcavoy,BOS,pairing,10,3286,3,1,2,40,5,12,2,3,6
2022,Orlov-Fehervary,WSH,pairing,31,3700,0,3,6,32,9,11,1,1,2
2022,Barron-Stenlund-Maenalanen,WPG,line,10,1085,0,3,6,14,3,2,0,4,8
2022,Johnston-Benn-Dadonov,DAL,line,11,6355,12,9,18,35,13,17,8,3,6
2022,Barron-Lowry-Maenalanen,WPG,line,12,3449,3,1,2,42,3,12,2,5,10
2022,Seider-Lindstrom,DET,pairing,16,659,1,1,2,2,1,0,0,1,2
2022,Marchment-Seguin-Dellandrea,DAL,line,23,7306,4,7,14,75,16,22,6,9,26
2022,Macdonald-Benning,SJS,pairing,12,1049,0,0,0,5,1,2,1,1,2
2022,Cogliano-Compher-O'Connor,COL,line,49,13656,8,14,28,82,28,16,3,20,40
2022,Wood-Haula-Mercer,NJD,line,11,1047,0,4,13,4,2,2,3,1,5
2022,Goligoski-Merrill,MIN,pairing,16,4761,2,8,19,33,10,10,4,2,7
2022,Dube-Backlund-Coleman,CGY,line,24,1686,1,4,11,15,4,5,1,4,11
2022,Hughes-Burroughs,VAN,pairing,25,3652,2,2,7,20,8,6,4,9,21
2022,Girard-Johnson,COL,pairing,12,1320,1,2,4,4,6,2,1,2,4
2022,Pesce-Chatfield,CAR,pairing,33,1871,2,2,4,14,7,3,1,2,4
2022,Ferraro-Simek,SJS,pairing,20,10503,2,14,31,88,23,28,5,12,27
2022,Moser-Gostisbehere,ARI,pairing,35,1999,0,1,2,12,1,8,4,0,0
2022,Janmark-Ryan-Shore,EDM,line,11,625,0,1,2,5,1,0,0,0,0
2022,Mangiapane-Kadri-Huberdeau,CGY,line,24,3011,1,4,8,21,4,19,5,2,4
2022,Gustafsson-Jensen,WSH,pairing,43,2913,2,4,8,16,10,9,3,2,4
2022,Armia-Suzuki-Caufield,MTL,line,10,1722,0,0,0,10,3,0,0,4,8
2022,Lindell-Suter,DAL,pairing,43,2047,0,1,2,11,6,5,0,3,6
2022,Hedman-Cole,TBL,pairing,42,6304,5,5,10,58,25,22,8,9,20
2022,Hutton-Hague,VGK,pairing,16,6072,3,4,11,44,13,11,4,13,27
2022,Beaulieu-Klingberg,ANA,pairing,19,4922,3,5,18,26,11,16,7,6,12
2022,Cotter-Roy-Kessel,VGK,line,10,2777,1,3,6,28,3,2,3,1,2
2022,Vatrano-Lundestrom-Silfverberg,ANA,line,25,6726,4,8,16,21,8,13,5,0,0
2022,Lindholm-Carlo,BOS,pairing,61,31811,30,36,81,217,55,79,15,34,79
2022,Gustafsson-Orlov,WSH,pairing,37,3123,2,5,10,20,9,9,0,6,12
2022,Farabee-Frost-Allison,PHI,line,10,1464,0,1,2,16,3,6,2,1,2
2022,Suter-Veleno-Berggren,DET,line,15,3449,3,3,6,22,7,4,1,3,6
2022,Erne-Copp-Sundqvist,DET,line,12,4124,3,6,12,33,5,11,1,1,2
2022,Xhekaj-Kovacevic,MTL,pairing,32,6986,3,13,35,47,17,19,2,7,23
2022,Roy-Howden-Kolesar,VGK,line,12,4733,4,5,13,46,10,4,3,3,9
2022,Foligno-Coyle-Hall,BOS,line,19,3112,2,2,4,24,3,9,1,2,4
2022,Oleksiak-Larsson,SEA,pairing,56,3699,1,5,13,26,11,12,2,1,5
2022,Broberg-Ceci,EDM,pairing,15,771,0,0,0,5,5,1,1,1,2
2022,Ritchie-Boyd-Kassian,ARI,line,12,613,0,1,2,6,0,1,1,0,0
2022,Kyrou-Schenn-Tarasenko,STL,line,13,832,0,0,0,3,0,3,4,0,0
2022,York-Braun,PHI,pairing,10,2264,3,3,8,17,3,6,2,0,0
2022,Nemeth-Stecher,ARI,pairing,53,23671,8,34,86,219,41,57,11,26,72
2022,Jones-Mctavish-Silfverberg,ANA,line,14,847,0,1,2,4,1,1,0,1,2
2022,Girard-Toews,COL,pairing,56,13502,11,9,18,53,30,16,7,12,24
2022,Girgensons-Krebs-Quinn,BUF,line,11,617,0,0,0,2,0,0,0,0,0
2022,Guentzel-Malkin-Rust,PIT,line,18,602,0,0,0,4,1,4,0,0,0
2022,Hayes-Frost-Tippett,PHI,line,20,1623,1,0,0,7,4,4,2,1,2
2022,Skinner-Cozens-Tuch,BUF,line,15,1645,2,0,0,8,7,3,1,4,8
2022,Chiarot-Oesterle,DET,pairing,21,966,1,1,2,5,0,3,0,1,2
2022,Peterka-Cozens-Okposo,BUF,line,17,846,0,0,0,8,2,1,0,1,2
2022,Skinner-Thompson-Hinostroza,BUF,line,14,1288,2,2,4,4,3,2,1,1,2
2022,Oleksiak-Schultz,SEA,pairing,52,28070,22,30,66,167,77,55,21,26,55
2022,Staal-Ekblad,FLA,pairing,47,5940,3,5,10,36,11,19,5,3,6
2022,Siegenthaler-Hamilton,NJD,pairing,69,55753,58,55,118,246,102,138,35,53,122
2022,Wotherspoon-Pulock,NYI,pairing,12,6908,4,1,2,52,14,13,2,7,14
2022,Nichushkin-Compher-Rantanen,COL,line,18,3435,1,2,4,14,11,8,2,4,8
2022,Stillman-Myers,VAN,pairing,27,14685,11,12,33,121,24,27,16,15,37
2022,Foegele-Mcleod-Ryan,EDM,line,19,1893,0,3,6,16,7,6,2,2,4
2022,Sanderson-Zub,OTT,pairing,27,4247,0,6,12,37,9,14,3,2,4
2022,Berni-Gudbranson,CBJ,pairing,46,33497,16,36,79,286,59,68,26,26,61
2022,Jones-Mitchell,CHI,pairing,25,11977,7,12,29,94,27,30,9,10,23
2022,Guentzel-Crosby-Rust,PIT,line,46,19206,16,15,33,149,39,62,16,18,41
2022,Weegar-Tanev,CGY,pairing,57,35315,19,36,80,267,76,97,22,43,98
2022,Provorov-Braun,PHI,pairing,24,3278,2,7,14,24,4,7,3,1,2
2022,Sergachev-Hedman,TBL,pairing,51,10595,9,11,28,53,37,30,7,21,48
2022,Dahlin-Pilut,BUF,pairing,10,1180,0,0,0,2,3,1,1,1,2
2022,Ferraro-Karlsson,SJS,pairing,60,13796,16,10,20,95,39,34,14,15,32
2022,Heiskanen-Lindell,DAL,pairing,51,2986,3,3,6,18,9,3,1,1,2
2022,Johnston-Benn-Gurianov,DAL,line,19,4644,1,7,14,18,11,19,1,1,2
2022,Henrique-Zegras-Vatrano,ANA,line,17,3529,2,5,16,21,7,12,0,3,12
2022,Mcavoy-Clifton,BOS,pairing,13,608,0,0,0,4,2,4,0,0,0
2022,Maatta-Lindstrom,DET,pairing,15,4413,1,2,4,25,9,10,4,6,12
2022,Kiviranta-Glendening-Gurianov,DAL,line,12,3073,0,0,0,18,5,8,3,1,2
2022,Hanifin-Andersson,CGY,pairing,66,51383,42,49,109,338,116,148,37,63,135
2022,Henrique-Mctavish-Terry,ANA,line,19,6253,2,4,8,25,12,18,4,2,4
2022,Walman-Maatta,DET,pairing,29,1581,1,0,0,11,2,3,2,0,0
2022,Jeannot-Glass-Trenin,NSH,line,21,769,0,0,0,15,1,1,0,0,0
2022,Carrier-Stephenson-Kessel,VGK,line,15,6998,6,6,12,43,15,14,2,9,18
2022,Milano-Strome-Oshie,WSH,line,15,5159,9,3,9,32,5,12,4,5,13
2022,Jones-Mctavish-Vatrano,ANA,line,17,3530,2,10,30,14,2,3,1,5,13
2022,Holloway-Ryan-Shore,EDM,line,14,2298,2,5,10,32,5,11,1,4,8
2022,Toews-Englund,COL,pairing,27,2235,0,2,4,11,6,2,0,0,0
2022,Newhook-Compher-Rantanen,COL,line,15,3551,5,3,6,19,11,8,4,1,2
2022,Foegele-Mcleod-Puljujarvi,EDM,line,25,5427,1,7,17,54,16,24,3,6,15
2022,Sheary-Eller-Mantha,WSH,line,14,746,1,3,6,0,3,2,3,2,4
2022,Harvey-Pinard-Suzuki-Anderson,MTL,line,17,7157,10,10,26,33,13,25,3,10,26
2022,Grzelcyk-Mcavoy,BOS,pairing,54,32275,34,43,89,164,68,85,14,40,83
2022,Leddy-Parayko,STL,pairing,62,49189,28,42,87,337,150,88,40,51,107
2022,Joseph-Petry,PIT,pairing,36,7036,12,5,10,57,15,21,7,4,8
2022,Farabee-Cates-Konecny,PHI,line,28,11544,8,11,22,56,24,23,8,13,26
2022,Ferraro-Harrington,SJS,pairing,18,5849,3,10,23,57,12,10,9,5,13
2022,Schultz-Borgen,SEA,pairing,25,1101,1,0,0,8,2,3,0,0,0
2022,Zboril-Clifton,BOS,pairing,15,2032,1,0,0,17,7,3,2,1,2
2022,Kyrou-Thomas-Toropchenko,STL,line,17,3143,2,5,10,18,11,7,4,5,10
2022,Barkov-Lundell-Reinhart,FLA,line,20,10786,5,11,22,48,29,30,12,10,20
2022,Matheson-Kovacevic,MTL,pairing,28,8236,8,9,27,56,13,25,7,6,18
2022,Schwartz-Beniers-Bjorkstrand,SEA,line,16,906,1,0,0,14,3,2,1,0,0
2022,Boqvist-Mcleod-Mercer,NJD,line,15,2661,5,7,18,19,3,5,0,4,14
2022,Johansson-Eller-Oshie,WSH,line,15,3239,1,0,0,29,7,6,1,2,4
2022,Hague-Pietrangelo,VGK,pairing,49,14698,12,16,32,127,55,24,13,12,24
2022,Robinson-Kuraly-Marchenko,CBJ,line,12,712,0,0,0,7,0,2,1,1,2
2022,Pulock-Mayfield,NYI,pairing,54,3045,3,7,14,24,4,5,1,7,14
2022,Benn-Johnston-Marchment,DAL,line,24,8228,4,9,18,48,16,25,5,7,14
2022,Power-Bryson,BUF,pairing,47,6604,3,4,11,23,10,15,9,6,15
2022,Hyman-Nugent-Hopkins-Janmark,EDM,line,12,1603,0,2,4,6,1,3,0,0,0
2022,Johnson-Mitchell,CHI,pairing,18,4227,3,6,15,24,9,15,4,5,13
2022,Jones-Roos,CHI,pairing,14,4750,2,8,22,35,12,21,7,4,14
2022,Milano-Eller-Mantha,WSH,line,11,729,1,0,0,5,0,1,0,0,0
2022,Aho-Mayfield,NYI,pairing,56,20467,9,16,32,178,47,53,12,25,50
2022,Johansson-Eller-Aube-Kubel,WSH,line,12,3235,2,4,8,30,8,7,2,1,2
2022,Byram-Johnson,COL,pairing,12,2590,2,1,2,18,5,7,0,0,0
2022,Heinen-Carter-Kapanen,PIT,line,13,3671,4,2,4,42,4,8,2,4,8
2022,Farabee-Cates-Tippett,PHI,line,19,1466,2,1,2,10,2,1,1,3,6
2022,Maroon-Paul-Colton,TBL,line,26,11828,8,15,36,136,32,21,5,9,24
2022,Zadorov-Andersson,CGY,pairing,66,6203,7,5,10,36,8,23,5,4,8
2022,Englund-Makar,COL,pairing,16,1108,0,3,9,19,3,2,1,3,9
2022,Merrill-Dumba,MIN,pairing,52,8880,2,12,30,60,18,19,7,8,22
2022,Kyrou-Thomas-Tarasenko,STL,line,15,4975,7,5,10,23,17,15,4,9,20
2022,Cole-Cernak,TBL,pairing,57,31521,25,45,96,266,85,71,20,34,74
2022,Granlund-Johansen-Niederreiter,NSH,line,16,5712,3,3,6,50,12,16,5,5,10
2022,Kane-Mcdavid-Ryan,EDM,line,11,800,1,0,0,8,1,5,1,1,2
2022,Samberg-Pionk,WPG,pairing,40,4829,1,7,16,37,13,11,2,6,10
2022,Leivo-O'Reilly-Saad,STL,line,20,10428,10,10,20,50,32,20,11,7,14
2022,Kulak-Broberg,EDM,pairing,13,1674,1,1,2,10,1,6,2,3,6
2022,Brodin-Addison,MIN,pairing,31,5424,3,8,19,38,9,17,6,5,13
2022,Doughty-Walker,LAK,pairing,19,671,1,0,0,8,1,2,1,1,2
2022,Chychrun-Brown,ARI,pairing,18,735,0,2,4,3,0,3,2,1,2
2022,Schmidt-Samberg,WPG,pairing,39,15666,12,18,38,86,33,42,9,18,36
2022,Trouba-Fox,NYR,pairing,49,2488,2,0,0,12,5,7,2,4,8
2022,Greenway-Eriksson Ek-Reaves,MIN,line,17,819,0,1,2,9,1,0,1,2,4
2022,Connor-Dubois-Appleton,WPG,line,11,1789,1,2,4,17,5,5,0,1,2
2022,Sergachev-Myers,TBL,pairing,10,1106,0,3,6,10,3,4,1,0,0
2022,Kubalik-Suter-Sundqvist,DET,line,11,3810,1,6,12,36,9,5,3,6,12
2022,Foudy-Roslovic-Bemstrom,CBJ,line,16,2802,1,2,4,26,8,1,1,2,4
2022,Bunting-Tavares-Nylander,TOR,line,28,2743,0,6,12,18,7,10,4,4,8
2022,Byfield-Kopitar-Kempe,LAK,line,32,21251,26,22,47,132,34,42,9,15,31
2022,Valimaki-Soderstrom,ARI,pairing,17,1959,1,3,6,16,3,8,2,0,0
2022,Dunn-Soucy,SEA,pairing,39,1626,1,0,0,14,6,3,0,1,2
2022,Simek-Karlsson,SJS,pairing,28,2517,1,0,0,20,10,8,1,4,8
2022,Pitlick-Suzuki-Anderson,MTL,line,11,2891,1,3,6,24,6,15,5,3,6
2022,Bunting-Matthews-Nylander,TOR,line,49,22906,28,24,48,110,80,74,10,30,60
2022,Buchnevich-Thomas-Tarasenko,STL,line,18,8887,11,5,10,49,15,9,9,10,20
2022,Lehkonen-Mackinnon-Rantanen,COL,line,47,19302,12,23,46,93,45,36,14,29,60
2022,Boqvist-Sharangovich-Holtz,NJD,line,11,2977,1,1,2,8,7,11,4,3,6
2022,Provorov-Ristolainen,PHI,pairing,55,15413,6,22,56,175,28,35,14,15,42
2022,Farabee-Cates-Allison,PHI,line,14,1695,0,2,7,15,1,4,1,2,7
2022,Mangiapane-Kadri-Dube,CGY,line,30,13540,12,21,42,112,35,36,11,23,46
2022,Robertson-Pavelski-Hintz,DAL,line,62,38802,43,27,60,194,84,109,22,41,90
2022,Thompson-Mittelstadt-Tuch,BUF,line,13,2508,0,1,2,13,7,6,3,3,6
2022,Walman-Hronek,DET,pairing,27,6675,7,8,18,49,11,15,4,7,14
2022,Middleton-Spurgeon,MIN,pairing,67,53637,37,55,134,405,107,96,22,56,136
2022,Gostisbehere-Stecher,ARI,pairing,33,1240,0,0,0,7,3,1,3,1,2
2022,Cotter-Karlsson-Kessel,VGK,line,15,1169,1,1,2,11,7,0,0,0,0
2022,Holloway-Mcdavid-Hyman,EDM,line,10,757,0,3,9,10,3,3,0,5,13
2022,Lucic-Kadri-Lewis,CGY,line,10,894,0,0,0,10,4,1,2,0,0
2022,Saad-Thomas-Kyrou,STL,line,17,3480,2,3,6,7,21,6,3,2,4
2022,Harvey-Pinard-Drouin-Anderson,MTL,line,10,1771,1,5,10,12,2,4,1,2,4
2022,Farabee-Frost-Tippett,PHI,line,28,5645,6,7,14,33,11,14,5,6,12
2022,Olofsson-Mittelstadt-Quinn,BUF,line,10,2346,1,2,4,8,7,1,1,1,2
2022,Merrill-Addison,MIN,pairing,50,29577,21,36,82,200,66,43,22,42,93
2022,Benoit-Kulikov,ANA,pairing,53,6916,3,5,13,43,4,14,4,7,17
2022,Panarin-Zibanejad-Kakko,NYR,line,16,1723,0,1,2,10,3,6,4,0,0
2022,Hathaway-Eller-Aube-Kubel,WSH,line,10,4072,4,4,8,51,6,10,1,4,8
2022,Mangiapane-Backlund-Dube,CGY,line,24,696,1,1,2,3,5,3,3,0,0
2022,Fehervary-Gustafsson,WSH,pairing,44,3508,3,3,6,37,6,7,2,7,14
2022,Giordano-Timmins,TOR,pairing,16,2369,3,6,14,14,4,7,1,2,4
2022,Middleton-Addison,MIN,pairing,33,2976,1,4,11,29,5,6,4,4,11
2022,Saad-O'Reilly-Kyrou,STL,line,11,2045,1,0,0,9,5,3,3,1,2
2022,Thomas-Buchnevich-Kyrou,STL,line,29,11331,14,11,22,42,30,31,7,5,10
2022,Grzelcyk-Clifton,BOS,pairing,57,9221,5,11,22,73,20,27,4,8,16
2022,Carrier-Stephenson-Stone,VGK,line,12,622,1,0,0,2,2,2,0,0,0
2022,Pettersson-Joseph,PIT,pairing,38,1943,3,4,8,12,3,5,1,1,2
2022,Johnson-Toews-Raddysh,CHI,line,11,6132,4,7,14,50,16,21,4,4,8
2022,Hague-Martinez,VGK,pairing,34,6602,5,5,10,42,13,11,6,5,10
2022,Samuelsson-Lyubushkin,BUF,pairing,32,2572,1,3,4,14,2,3,2,2,4
2022,Giordano-Sandin,TOR,pairing,40,7681,6,19,47,64,23,25,2,9,25
2022,Fowler-Shattenkirk,ANA,pairing,60,6750,8,7,12,24,12,17,4,12,24
2022,Jones-Zegras-Terry,ANA,line,18,610,0,0,0,3,2,4,1,1,2
2022,Miller-Horvat-Garland,VAN,line,25,10420,5,12,24,63,23,22,8,17,34
2022,Lomberg-Staal-Reinhart,FLA,line,12,606,1,3,6,7,1,0,0,2,4
2022,Olofsson-Krebs-Mittelstadt,BUF,line,19,3044,0,3,6,16,7,6,2,2,4
2022,Kane-Mcdavid-Hyman,EDM,line,21,2832,5,4,8,27,4,6,4,2,4
2022,Hoffman-Dvorak-Gallagher,MTL,line,11,3990,6,3,9,21,4,16,2,5,13
2022,Hagel-Paul-Kucherov,TBL,line,27,731,1,2,4,5,2,4,0,1,2
2022,Vlasic-Simek,SJS,pairing,22,1884,0,0,0,18,7,2,5,1,2
2022,Crouse-Boyd-Keller,ARI,line,18,4438,4,1,2,33,8,15,7,4,8
2022,Peeke-Blankenburg,CBJ,pairing,27,13518,5,12,24,101,23,26,14,12,22
2022,Lindblom-Sturm-Bonino,SJS,line,12,1803,4,1,2,13,8,3,3,0,0
2022,Holden-Zaitsev,OTT,pairing,19,2764,1,5,13,35,3,3,1,3,9
2022,Strome-Mctavish-Vatrano,ANA,line,18,3845,1,8,16,28,8,9,5,2,4
2022,Hughes-Haula-Mercer,NJD,line,27,8367,12,9,20,40,17,35,7,2,4
2022,Marchment-Johnston-Gurianov,DAL,line,16,624,0,0,0,7,4,1,0,0,0
2022,Joseph-Ruhwedel,PIT,pairing,33,18172,15,26,56,184,43,61,13,31,62
2022,Bayreuther-Peeke,CBJ,pairing,28,8015,7,9,21,57,18,20,7,12,25
2022,Greer-Foligno-Nosek,BOS,line,23,6687,2,10,23,101,22,10,3,6,13
2022,Heiskanen-Miller,DAL,pairing,62,38948,35,45,95,265,83,112,22,42,87
2022,Joshua-Aman-Boeser,VAN,line,21,631,0,1,2,12,1,3,2,0,0
2022,Harris-Barron,MTL,pairing,20,4263,2,4,14,24,4,6,3,7,22
2022,Jones-Phillips,CHI,pairing,15,5150,5,4,11,44,20,9,6,4,11
2022,Wood-Haula-Tatar,NJD,line,11,2257,2,2,4,12,3,7,0,1,2
2022,Hall-Bergeron-Pastrnak,BOS,line,10,642,1,2,4,1,0,1,0,0,0
2022,Mangiapane-Kadri-Coleman,CGY,line,25,1142,0,2,4,11,0,3,0,2,4
2022,Boeser-Miller-Podkolzin,VAN,line,13,691,1,0,0,7,0,0,1,0,0
2022,Pettersson-Ruhwedel,PIT,pairing,21,1404,0,1,2,8,2,3,1,1,2
2022,Romanov-Pulock,NYI,pairing,64,14332,12,16,35,144,15,25,7,13,29
2022,Lafrenire-Goodrow-Kakko,NYR,line,11,1264,0,3,9,14,2,2,0,3,9
2022,Joshua-Lazar-Studnicka,VAN,line,10,1944,1,5,10,29,4,2,0,3,8
2022,Lafrenire-Trocheck-Goodrow,NYR,line,10,713,1,2,4,6,4,3,0,1,2
2022,Lehkonen-Compher-Rantanen,COL,line,29,5662,4,4,8,25,17,9,3,4,8
2022,Lee-Horvat-Fasching,NYI,line,10,887,0,1,2,2,1,1,2,1,2
2022,Irwin-Van Riemsdyk,WSH,pairing,30,10762,6,12,33,83,21,21,4,17,43
2022,Teravainen-Aho-Jarvis,CAR,line,35,17251,14,17,37,62,53,58,12,20,43
2022,Roy-Walker,LAK,pairing,35,2097,2,3,6,14,2,4,2,4,8
2022,Bratt-Haula-Hughes,NJD,line,31,10424,9,8,19,44,25,38,6,12,27
2022,Bratt-Hughes-Sharangovich,NJD,line,31,7056,5,9,18,19,19,30,8,7,14
2022,Athanasiou-Dickinson-Kane,CHI,line,18,2380,1,5,10,9,9,5,4,1,2
2022,Cotter-Karlsson-Marchessault,VGK,line,25,2429,2,4,8,11,2,5,1,3,6
2022,Parise-Pageau-Fasching,NYI,line,18,4867,6,3,6,37,18,15,2,2,4
2022,Byram-Makar,COL,pairing,19,3764,2,2,4,26,16,10,1,3,6
2022,Ritchie-Hayton-Kassian,ARI,line,12,3216,1,6,12,35,4,12,2,6,12
2022,Ekman-Larsson-Stillman,VAN,pairing,10,762,0,0,0,5,1,0,1,0,0
2022,Vatrano-Mctavish-Leason,ANA,line,15,2032,0,4,8,9,6,5,4,4,8
2022,Girgensons-Krebs-Okposo,BUF,line,42,18927,8,21,48,131,27,28,12,15,36
2022,Johnston-Benn-Dellandrea,DAL,line,48,18012,26,17,40,123,42,49,13,19,42
2022,Rosen-Parayko,STL,pairing,28,3897,2,4,8,23,9,11,2,6,12
2022,Bryson-Fitzgerald,BUF,pairing,12,2901,1,0,0,14,5,1,4,2,4
2022,Cogliano-Mackinnon-Rantanen,COL,line,20,626,0,0,0,8,2,1,0,0,0
2022,Maroon-Bellemare-Perry,TBL,line,26,6647,1,10,23,70,14,17,6,13,29
2022,Kiviranta-Seguin-Dellandrea,DAL,line,11,4080,0,6,12,33,10,8,3,4,8
2022,Johansson-Eller-Mantha,WSH,line,23,5914,3,3,8,27,14,10,4,5,13
2022,Rodrigues-Newhook-Nichushkin,COL,line,12,5025,4,12,27,35,12,16,3,7,17
2022,Martinook-Aho-Fast,CAR,line,24,643,1,0,0,3,4,1,0,1,2
2022,Jones-Lundestrom-Leason,ANA,line,15,726,0,3,6,5,4,0,1,2,4
2022,Kreider-Zibanejad-Kakko,NYR,line,32,13552,10,5,10,76,25,45,6,11,22
2022,Fabbri-Veleno-Berggren,DET,line,11,2502,0,5,10,18,2,5,2,5,10
2022,Mahura-Gudas,FLA,pairing,60,38134,30,49,106,398,68,90,19,54,114
2022,Dumoulin-Friedman,PIT,pairing,10,5166,2,4,11,36,6,6,5,10,25
2022,Siegenthaler-Marino,NJD,pairing,43,2727,2,2,4,11,4,2,3,1,0
2022,Panarin-Chytil-Kakko,NYR,line,19,2001,1,0,0,12,3,6,2,3,14
2022,Nurse-Ceci,EDM,pairing,71,57694,40,75,164,391,155,192,44,62,136
2022,Granlund-Glass-Niederreiter,NSH,line,16,5115,3,6,12,34,5,10,2,4,8
2022,Holloway-Mcleod-Foegele,EDM,line,15,1944,3,2,6,9,4,4,0,1,2
2022,Suter-Hakanp,DAL,pairing,62,7908,4,16,37,50,17,23,8,7,17
2022,Sergachev-Perbix,TBL,pairing,55,27643,26,26,61,194,68,62,19,29,69
2022,Kuzmenko-Pettersson-Boeser,VAN,line,20,3016,4,1,2,18,5,8,3,3,6
2022,Gavrikov-Boqvist,CBJ,pairing,13,4317,4,3,9,27,9,7,5,2,7
2022,Forsberg-Parssinen-Sissons,NSH,line,10,3267,6,4,8,42,7,5,1,5,10
2022,Tanev-Gourde-Bjorkstrand,SEA,line,24,5222,3,10,25,41,17,8,3,9,23
2022,Barron-Lowry-Kuhlman,WPG,line,17,5761,2,9,24,53,4,13,2,11,28
2022,Robinson-Kuraly-Olivier,CBJ,line,43,22955,13,40,104,308,39,31,16,23,70
2022,Raymond-Copp-Berggren,DET,line,12,2452,3,2,6,14,1,3,1,3,6
2022,Jarnkrok-Tavares-Nylander,TOR,line,17,2181,4,3,9,14,10,8,1,2,7
2022,Hayes-Cates-Tippett,PHI,line,14,1076,1,2,7,7,4,1,1,5,13
2022,Bonino-Sturm-Kunin,SJS,line,13,4629,4,8,22,34,9,10,6,8,19
2022,Edmundson-Kovacevic,MTL,pairing,21,1069,1,2,4,10,2,4,0,1,2
2022,Mahura-Ekblad,FLA,pairing,37,3978,1,4,8,18,8,6,4,2,4
2022,Laine-Roslovic-Nyquist,CBJ,line,12,3684,2,3,6,15,5,4,3,2,4
2022,Slavin-De Haan,CAR,pairing,32,1714,0,0,0,17,4,8,3,3,6
2022,Wolanin-Burroughs,VAN,pairing,13,7678,2,8,22,70,9,19,1,13,32
2022,Pelech-Mayfield,NYI,pairing,49,11664,3,10,23,88,22,30,8,15,33
2022,Ekholm-Josi,NSH,pairing,52,6929,3,5,10,43,13,15,5,3,6
2022,Vesey-Zibanejad-Panarin,NYR,line,19,3093,2,2,4,17,5,16,3,1,2
2022,Maatta-Hronek,DET,pairing,47,26669,21,29,59,206,47,62,11,31,68
2022,Panarin-Trocheck-Goodrow,NYR,line,26,5813,2,8,16,37,14,24,4,5,10
2022,Labanc-Hertl-Meier,SJS,line,41,21287,25,26,52,118,43,65,18,14,28
2022,Aho-Dobson,NYI,pairing,51,25651,25,19,38,181,42,81,19,27,54
2022,Krug-Mikkola,STL,pairing,20,741,0,0,0,3,3,0,1,0,0
2022,Toews-Makar,COL,pairing,53,41322,40,34,71,176,98,79,22,62,129
2022,Holloway-Draisaitl-Hyman,EDM,line,13,1488,0,0,0,10,4,5,2,1,0
2022,Joseph-Rutta,PIT,pairing,35,11872,8,10,25,108,34,31,3,10,23
2022,Mcnabb-Miromanov,VGK,pairing,12,7196,3,6,18,36,18,13,7,6,15
2022,Amadio-Stephenson-Stone,VGK,line,11,5680,6,2,4,30,31,8,3,3,6
2022,Josi-Fabbro,NSH,pairing,60,17259,12,26,68,128,21,34,9,30,64
2022,Deslauriers-Brown-Allison,PHI,line,11,1190,0,1,2,29,2,4,0,1,2
2022,Suter-Lundkvist,DAL,pairing,53,25758,16,23,54,176,57,69,19,31,76
2022,Simek-Benning,SJS,pairing,23,1692,0,5,10,20,3,4,1,5,10
2022,Boldy-Gaudreau-Foligno,MIN,line,13,1500,1,2,7,14,5,1,0,2,7
2022,Sanheim-Braun,PHI,pairing,41,18266,8,24,60,161,28,42,9,26,64
2022,O'Brien-Bjugstad-Fischer,ARI,line,13,2057,0,3,9,27,1,9,0,4,11
2022,Johnson-Hunt,COL,pairing,10,4353,1,10,20,17,11,7,2,7,14
2022,Shaw-Dewar-Reaves,MIN,line,37,14919,7,21,57,168,19,37,11,11,34
2022,Skinner-Thompson-Okposo,BUF,line,27,2921,5,2,4,23,5,7,3,3,6
2022,Nurse-Desharnais,EDM,pairing,20,2639,2,2,7,31,2,12,1,2,7
2022,Burakovsky-Beniers-Eberle,SEA,line,18,8696,10,8,16,61,20,22,5,11,22
2022,Niederreiter-Johansen-Tolvanen,NSH,line,10,2579,1,5,10,33,4,5,2,0,0
2022,Provorov-Seeler,PHI,pairing,35,1569,3,0,0,12,3,6,0,1,2
2022,Megna-Benning,SJS,pairing,26,1808,0,0,0,12,4,6,4,1,2
2022,Harris-Wideman,MTL,pairing,17,2069,3,3,9,10,1,8,1,5,13
2022,Oleksiak-Borgen,SEA,pairing,52,23460,16,27,63,153,51,40,18,26,61
2022,Hughes-Myers,VAN,pairing,59,10680,10,11,22,57,16,26,7,15,30
2022,Teravainen-Kotkaniemi-Necas,CAR,line,24,9021,12,9,18,30,31,42,6,3,6
2022,Tkachuk-Bennett-Luostarinen,FLA,line,17,4460,8,5,12,33,11,15,4,9,18
2022,Forsling-Ekblad,FLA,pairing,58,44203,40,73,160,233,112,120,35,67,149
2022,Bryson-Jokiharju,BUF,pairing,19,2849,1,4,8,21,5,8,2,5,10
2022,Dowd-Johansson-Hathaway,WSH,line,19,1961,3,2,7,22,3,2,0,2,7
2022,Hall-Krejci-Pastrnak,BOS,line,48,9438,5,7,14,64,15,41,4,10,20
2022,Brown-Soderstrom,ARI,pairing,11,1994,2,7,14,28,1,7,1,1,2
2022,Cole-Bogosian,TBL,pairing,36,4689,2,6,15,27,13,16,4,3,11
2022,Parise-Barzal-Palmieri,NYI,line,12,2329,1,3,6,13,3,12,1,1,2
2022,Mcnabb-Pietrangelo,VGK,pairing,42,3009,0,2,4,15,8,7,4,3,6
2022,Foligno-Hartman-Steel,MIN,line,12,727,0,1,2,4,1,1,2,1,2
2022,Kreider-Zibanejad-Tarasenko,NYR,line,12,5875,3,1,2,43,10,18,1,6,12
2022,Robertson-Seguin-Pavelski,DAL,line,32,6828,9,6,12,46,15,26,4,6,12
2022,Johnson-Dickinson-Raddysh,CHI,line,10,2985,0,5,10,23,10,8,1,2,4
2022,Kerfoot-Matthews-Nylander,TOR,line,14,868,1,0,0,4,0,6,0,0,0
2022,Luostarinen-Barkov-Reinhart,FLA,line,12,2518,2,0,0,14,5,4,0,1,2
2022,Shore-Ryan-Mcleod,EDM,line,13,1615,3,4,8,17,7,3,1,1,2
2022,Edmundson-Xhekaj,MTL,pairing,27,5745,3,9,27,42,8,30,3,7,20
2022,Graves-Smith,NJD,pairing,43,2979,2,3,6,19,7,9,1,5,10
2022,Jokiharju-Lyubushkin,BUF,pairing,18,918,1,0,0,3,2,2,1,1,2
2022,Orlov-Van Riemsdyk,WSH,pairing,34,6141,5,5,10,39,15,20,4,6,15
2022,Burns-Chatfield,CAR,pairing,30,6244,8,3,6,37,22,18,2,1,2
2022,Marner-Tavares-Nylander,TOR,line,16,785,1,0,0,5,3,4,2,0,0
2022,Kaprizov-Steel-Zuccarello,MIN,line,38,21258,18,15,30,88,52,37,12,14,28
2022,Engvall-Holmberg-Kerfoot,TOR,line,11,1419,0,0,0,13,2,3,2,0,0
2022,Rodrigues-Newhook-Rantanen,COL,line,22,734,0,0,0,6,0,1,2,2,4
2022,Vesey-Zibanejad-Kreider,NYR,line,21,8270,7,5,10,72,19,20,5,6,12
2022,Kerfoot-Tavares-Nylander,TOR,line,16,2732,3,11,22,19,9,7,2,0,0
2022,Gadjovich-Lorentz-Lindblom,SJS,line,23,8830,2,13,41,102,14,20,8,10,35
2022,Dumoulin-Rutta,PIT,pairing,49,17122,5,20,40,130,40,41,14,19,39
2022,Boldy-Dewar-Shaw,MIN,line,13,926,0,3,8,8,0,1,2,0,0
2022,Kerfoot-Matthews-Marner,TOR,line,17,4478,5,4,8,24,13,19,6,5,10
2022,Kerfoot-Tavares-Jarnkrok,TOR,line,11,810,0,0,0,0,1,4,2,2,2
2022,Giordano-Liljegren,TOR,pairing,48,11821,12,11,24,64,31,29,6,12,22
2022,Cousins-Lundell-White,FLA,line,11,1376,1,0,0,10,2,3,0,1,2
2022,Sanderson-Chychrun,OTT,pairing,10,1540,1,1,2,12,2,5,4,2,4
2022,Heinen-Carter-Mcginn,PIT,line,15,7769,2,15,31,91,11,21,3,6,15
2022,Engvall-Kampf-Jarnkrok,TOR,line,17,3954,2,3,6,21,14,6,4,0,0
2022,Slafkovsky-Evans-Pezzetta,MTL,line,10,2786,1,3,6,32,5,7,4,1,2
2022,Dunn-Schultz,SEA,pairing,48,3215,5,3,6,14,4,6,4,6,12
2022,Connor-Scheifele-Wheeler,WPG,line,44,3762,3,10,20,22,13,10,5,3,6
2022,Lafrenire-Chytil-Kakko,NYR,line,58,23923,23,27,57,148,70,68,17,18,39
2022,Englund-Johnson,COL,pairing,28,3987,4,3,9,45,8,8,1,4,11
2022,Sergachev-Foote,TBL,pairing,25,7017,6,6,18,56,22,15,4,8,22
2022,Poehling-Blueger-Archibald,PIT,line,17,7410,5,6,12,124,16,10,2,8,16
2022,Johnson-Sillinger-Chinakhov,CBJ,line,10,1861,1,2,4,23,4,4,4,0,0
2022,Lafrenire-Zibanejad-Kakko,NYR,line,18,4041,4,2,4,18,5,14,2,2,4
2022,Deangelo-Braun,PHI,pairing,24,1206,0,0,0,5,0,2,1,0,0
2022,Forsling-Montour,FLA,pairing,67,18817,21,23,49,95,44,47,14,22,50
2022,Matthews-Tavares-Marner,TOR,line,28,1821,2,0,0,14,2,9,0,1,2
2022,Harris-Kovacevic,MTL,pairing,54,34822,26,39,84,203,76,126,23,38,84
2022,Macdonald-Johnson,COL,pairing,15,3038,2,2,2,28,3,4,2,5,10
2022,Foligno-Coyle-Zacha,BOS,line,12,804,2,2,4,3,2,2,0,0,0
2022,Beaulieu-Benoit,ANA,pairing,12,1059,0,3,9,7,4,2,2,2,7
2022,Hinostroza-Cozens-Peterka,BUF,line,11,3913,2,3,6,14,9,10,4,5,10
2022,Dahlin-Power,BUF,pairing,59,12055,16,17,36,41,25,24,5,18,36
2022,Rielly-Holl,TOR,pairing,42,9786,11,8,16,67,29,33,11,6,14
2022,Lindgren-Schneider,NYR,pairing,35,1717,3,1,2,17,3,5,0,0,0
2022,Tkachuk-Barkov-Reinhart,FLA,line,24,1773,4,3,6,2,2,6,2,3,6
2022,Maatta-Hagg,DET,pairing,21,3323,3,2,7,36,10,8,1,6,12
2022,Myers-Bear,VAN,pairing,29,2971,1,2,7,16,6,9,2,4,11
2022,Marchment-Dellandrea-Johnston,DAL,line,37,1506,0,4,14,9,3,2,1,2,10
2022,Nugent-Hopkins-Draisaitl-Yamamoto,EDM,line,19,4357,5,3,9,21,13,15,2,2,7
2022,Sttzle-Giroux-Tkachuk,OTT,line,55,23238,24,26,55,186,48,61,17,28,61
2022,Zucker-Malkin-Rust,PIT,line,48,24239,20,25,50,200,59,85,18,19,38
2022,Teravainen-Kotkaniemi-Jarvis,CAR,line,30,4926,3,3,6,29,18,15,4,3,6
2022,Kurashev-Domi-Raddysh,CHI,line,25,6926,3,3,9,44,23,13,3,4,11
2022,Bean-Gudbranson,CBJ,pairing,13,6958,1,10,26,45,9,9,6,8,24
2022,Valimaki-Nemeth,ARI,pairing,41,2380,1,3,6,24,3,10,2,4,8
2022,Debrincat-Brassard-Batherson,OTT,line,10,1813,1,1,2,12,4,2,1,1,2
2022,Heiskanen-Lundkvist,DAL,pairing,42,15427,9,17,34,75,28,33,12,16,32
2022,Schmaltz-Bjugstad-Keller,ARI,line,22,831,0,0,0,3,3,2,1,1,2
2022,Guhle-Savard,MTL,pairing,30,21532,14,20,43,119,41,83,22,20,43
2022,York-Deangelo,PHI,pairing,26,2165,1,2,7,14,6,5,0,1,2
2022,Janmark-Nugent-Hopkins-Yamamoto,EDM,line,14,5015,4,6,12,25,13,14,3,4,8
2022,Rodrigues-Mackinnon-Rantanen,COL,line,39,8150,11,12,27,30,21,17,9,6,15
2022,Tanev-Wennberg-Schwartz,SEA,line,24,4676,1,5,10,25,11,7,2,2,6
2022,Trouba-Schneider,NYR,pairing,35,2549,4,3,9,27,4,7,3,1,5
2022,Bayreuther-Boqvist,CBJ,pairing,21,12474,8,10,20,89,16,28,13,8,16
2022,Van Riemsdyk-Jensen,WSH,pairing,51,6743,6,7,14,38,13,19,5,5,10
2022,Irwin-Jensen,WSH,pairing,25,1722,0,1,2,15,4,1,2,0,0
2022,Macdermid-Hunt,COL,pairing,19,5314,4,7,23,27,4,7,4,8,25
2022,Nurse-Broberg,EDM,pairing,24,1323,2,1,2,9,3,11,1,1,2
2022,Bahl-Marino,NJD,pairing,10,1743,0,4,8,16,4,5,1,0,0
2022,Theodore-Martinez,VGK,pairing,30,2364,4,1,2,15,4,4,4,4,8
2022,Kassian-Boyd-Keller,ARI,line,16,1070,1,0,0,4,2,5,2,0,0
2022,Henrique-Mctavish-Silfverberg,ANA,line,10,1157,3,0,0,4,1,2,3,2,4
2022,Guhle-Wideman,MTL,pairing,12,870,3,2,7,8,2,1,1,2,7
2022,Svechnikov-Hertl-Meier,SJS,line,12,1946,3,3,6,10,3,5,3,3,6
2022,Oesterle-Hronek,DET,pairing,24,1945,3,1,2,14,3,2,1,2,4
2022,Van Riemsdyk-Frost-Konecny,PHI,line,20,2107,0,2,4,10,6,5,0,2,4
2022,Dahlin-Fitzgerald,BUF,pairing,18,1451,1,3,6,8,4,3,1,0,0
2022,Nugent-Hopkins-Draisaitl-Puljujarvi,EDM,line,11,1416,1,1,2,10,2,3,3,2,4
2022,Harrington-Benning,SJS,pairing,15,1345,1,2,4,15,2,6,2,2,4
2022,Maccelli-Mcbain-Kassian,ARI,line,10,2133,0,6,15,24,7,6,0,6,15
2022,Gustafsson-Carlson,WSH,pairing,25,17273,14,16,43,96,46,36,15,20,49
2022,Kubalik-Larkin-Perron,DET,line,32,5406,8,8,16,33,12,14,4,8,16
2022,Watson-Kastelic-Kelly,OTT,line,33,7825,2,15,51,150,15,18,7,17,55
2022,Anderson-Dvorak-Dadonov,MTL,line,14,611,1,0,0,4,1,2,0,0,0
2022,Farabee-Laughton-Tippett,PHI,line,12,1032,1,1,2,5,1,4,0,0,0
2022,Jones-Jones,CHI,pairing,47,13059,8,14,31,82,27,36,9,14,31
2022,Smith-Severson,NJD,pairing,49,24230,18,33,74,151,48,62,12,28,62
2022,Bouchard-Ceci,EDM,pairing,39,1769,0,2,4,13,6,3,2,2,4
2022,Chabot-Brannstrom,OTT,pairing,46,8994,9,11,31,80,19,25,14,17,40
2022,Pettersson-Petry,PIT,pairing,49,30356,18,30,63,274,62,73,22,29,63
2022,Mikkola-Fox,NYR,pairing,16,8671,6,10,23,51,19,43,10,7,17
2022,Gregor-Sturm-Bonino,SJS,line,11,3791,3,5,18,30,9,4,2,3,6
2022,Xhekaj-Guhle,MTL,pairing,21,770,1,2,7,9,3,3,1,1,5
2022,Raymond-Larkin-Suter,DET,line,14,5411,4,7,14,19,9,13,3,6,12
2022,Kerfoot-Kampf-Jarnkrok,TOR,line,14,1194,1,1,2,9,0,1,0,0,0
2022,Bunting-Matthews-Marner,TOR,line,44,14172,14,14,31,98,40,49,9,19,41
2022,Quinn-Krebs-Peterka,BUF,line,16,1066,2,2,4,6,2,0,0,1,2
2022,Hedman-Bogosian,TBL,pairing,40,19478,16,23,58,184,41,55,10,28,68
2022,Barabanov-Couture-Bonino,SJS,line,19,3726,4,3,6,18,11,12,2,1,2
2022,Carlson-Van Riemsdyk,WSH,pairing,17,1031,0,0,0,7,4,1,1,1,2
2022,Hughes-Schenn,VAN,pairing,51,26969,28,33,95,268,53,53,19,34,89
2022,Zucker-Malkin-Rakell,PIT,line,56,15638,15,13,29,158,39,52,17,17,37
2022,Comtois-Zegras-Terry,ANA,line,20,2547,4,8,19,9,5,9,4,8,19
2022,Cates-Laughton-Konecny,PHI,line,17,1027,3,2,4,6,1,3,1,0,0
2022,Gregor-Hertl-Meier,SJS,line,13,2599,1,1,2,23,13,5,0,1,2
2022,Bonino-Sturm-Labanc,SJS,line,10,895,0,1,2,8,3,3,0,0,0
2022,Nyquist-Roslovic-Johnson,CBJ,line,13,1517,1,3,4,10,1,2,1,2,4
2022,Van Riemsdyk-Cates-Allison,PHI,line,12,843,1,0,0,6,4,1,0,0,0
2022,Van Riemsdyk-Frost-Macewen,PHI,line,11,1694,0,3,9,22,1,3,0,2,7
2022,Forsberg-Duchene-Granlund,NSH,line,20,9981,7,15,38,71,32,29,10,11,24
2022,Hedman-Myers,TBL,pairing,11,1171,2,0,0,10,3,6,1,1,2
2022,Ovechkin-Kuznetsov-Mantha,WSH,line,22,1364,1,0,0,11,2,7,1,1,2
2022,Miller-Pettersson-Mikheyev,VAN,line,13,614,0,0,0,5,0,3,0,2,4
2022,Holloway-Ryan-Mcleod,EDM,line,21,2854,3,4,8,22,7,11,2,2,4
2022,Brodie-Giordano,TOR,pairing,36,2706,0,2,4,15,15,7,2,3,6
2022,Forsberg-Parssinen-Granlund,NSH,line,16,5523,4,3,6,38,17,13,2,9,18
2022,Gravel-Fabbro,NSH,pairing,16,6488,1,13,29,69,14,22,5,8,19
2022,Palat-Hischier-Bratt,NJD,line,21,11167,10,8,16,62,25,22,6,6,12
2022,Hanley-Miller,DAL,pairing,16,3681,1,4,14,23,5,9,2,9,24
2022,Carrier-Leschyshyn-Kolesar,VGK,line,13,3226,1,4,8,44,2,4,1,2,4
2022,Durzi-Walker,LAK,pairing,17,803,0,2,4,5,1,2,0,1,2
2022,Donato-Beniers-Eberle,SEA,line,18,620,1,0,0,5,4,1,0,1,2
2022,Tkachuk-Pinto-Batherson,OTT,line,29,1216,0,3,6,10,1,2,1,2,4
2022,Bahl-Hamilton,NJD,pairing,19,1388,2,1,5,8,2,1,1,2,7
2022,Kulak-Barrie,EDM,pairing,58,32387,21,40,88,246,79,84,19,45,98
2022,Verhaeghe-Barkov-Reinhart,FLA,line,33,7133,3,8,16,23,13,21,3,16,32
2022,Joshua-Horvat-Boeser,VAN,line,12,956,2,2,4,8,0,4,2,0,0
2022,Dumoulin-Ruhwedel,PIT,pairing,29,3375,1,5,10,31,8,7,2,1,2
2022,Leddy-Tucker,STL,pairing,14,679,0,3,6,10,1,2,0,2,4
2022,Edler-Roy,LAK,pairing,30,4523,4,1,2,37,9,5,3,3,6
2022,Schmidt-Pionk,WPG,pairing,56,5324,1,3,6,41,6,14,2,2,4
2022,Maccelli-Mcbain-Crouse,ARI,line,18,7282,8,8,25,77,11,18,4,8,25
2022,Dube-Lindholm-Toffoli,CGY,line,43,18972,21,23,50,128,40,50,17,19,44
2022,Soucy-Borgen,SEA,pairing,59,28001,24,34,77,253,76,59,19,25,63
2022,Brassard-Pinto-Batherson,OTT,line,15,2856,3,3,6,20,6,6,2,3,6
2022,Fehervary-Carlson,WSH,pairing,15,4016,2,3,9,58,8,14,3,6,15
2022,Brisebois-Myers,VAN,pairing,13,6701,4,8,22,51,9,10,6,5,16
2022,Theodore-Whitecloud,VGK,pairing,23,1118,1,0,0,11,2,4,1,1,2
2022,Morrissey-Stanley,WPG,pairing,15,791,2,0,0,4,2,3,1,0,0
2022,Dubois-Scheifele-Connor,WPG,line,27,2581,1,3,6,12,6,5,0,1,2
2022,Cousins-Staal-White,FLA,line,17,4404,4,3,6,42,12,11,5,5,10
2022,Kulikov-White,ANA,pairing,11,1088,1,2,4,7,3,6,1,1,2
2022,Foligno-Eriksson Ek-Boldy,MIN,line,13,4022,1,2,4,37,8,3,0,1,2
2022,Dahlin-Bryson,BUF,pairing,39,10463,3,10,22,44,19,23,11,18,36
2022,Roy-Durzi,LAK,pairing,61,47739,32,56,121,297,72,120,40,46,102
2022,Romanov-Mayfield,NYI,pairing,67,29109,16,43,104,304,58,84,18,35,85
2022,Edler-Doughty,LAK,pairing,25,1102,0,2,4,11,0,1,1,1,2
2022,Edmundson-Guhle,MTL,pairing,28,16411,9,21,45,112,35,44,15,21,45
2022,Martinook-Staal-Fast,CAR,line,63,39443,31,45,91,227,85,78,24,38,79
2022,Kurashev-Domi-Kane,CHI,line,35,7536,10,6,12,33,16,28,13,2,4
